Site,Genus,ColonyID,Treatment_nonnum,Treatment,Replicate,Temperature,F0,Fm,Yield,Y
Shallow Lagoon,Pocillopora,SL01,Ambient,1,1,23,250,721,653,0.653
Shallow Lagoon,Pocillopora,SL02,Ambient,1,1,23,307,892,655,0.655
Shallow Lagoon,Pocillopora,SL03,Ambient,1,1,23,380,1148,668,0.668
Shallow Lagoon,Pocillopora,SL04,Ambient,1,1,23,348,1053,669,0.669
Shallow Lagoon,Pocillopora,SL05,Ambient,1,1,23,519,1504,654,0.654
Shallow Lagoon,Pocillopora,SL06,Ambient,1,1,23,330,1040,682,0.682
Shallow Lagoon,Pocillopora,SL07,Ambient,1,1,23,418,1159,639,0.639
Shallow Lagoon,Pocillopora,SL08,Ambient,1,1,23,351,954,632,0.632
Shallow Lagoon,Pocillopora,SL09,Ambient,1,1,23,467,1224,618,0.618
Shallow Lagoon,Pocillopora,SL10,Ambient,1,1,23,376,1085,653,0.653
Shallow Lagoon,Porites,SL11,Ambient,1,1,23,507,1412,640,0.64
Shallow Lagoon,Porites,SL12,Ambient,1,1,23,551,1347,590,0.59
Shallow Lagoon,Porites,SL13,Ambient,1,1,23,630,1453,566,0.566
Shallow Lagoon,Porites,SL14,Ambient,1,1,23,720,1527,528,0.528
Shallow Lagoon,Porites,SL15,Ambient,1,1,23,605,1372,559,0.559
Shallow Lagoon,Porites,SL16,Ambient,1,1,23,569,1259,548,0.548
Shallow Lagoon,Porites,SL17,Ambient,1,1,23,707,1695,582,0.582
Shallow Lagoon,Porites,SL18,Ambient,1,1,23,569,943,396,0.396
Shallow Lagoon,Porites,SL19,Ambient,1,1,23,549,1234,555,0.555
Shallow Lagoon,Porites,SL20,Ambient,1,1,23,721,1518,525,0.525
Shallow Lagoon,Pocillopora,SL01,Ambient,1,2,23,263,518,492,0.492
Shallow Lagoon,Pocillopora,SL02,Ambient,1,2,23,367,1006,635,0.635
Shallow Lagoon,Pocillopora,SL03,Ambient,1,2,23,374,1099,659,0.659
Shallow Lagoon,Pocillopora,SL04,Ambient,1,2,23,394,1128,650,0.65
Shallow Lagoon,Pocillopora,SL05,Ambient,1,2,23,435,1177,630,0.63
Shallow Lagoon,Pocillopora,SL06,Ambient,1,2,23,421,1070,606,0.606
Shallow Lagoon,Pocillopora,SL07,Ambient,1,2,23,332,978,660,0.66
Shallow Lagoon,Pocillopora,SL08,Ambient,1,2,23,312,944,669,0.669
Shallow Lagoon,Pocillopora,SL09,Ambient,1,2,23,339,921,631,0.631
Shallow Lagoon,Pocillopora,SL10,Ambient,1,2,23,352,889,604,0.604
Shallow Lagoon,Porites,SL11,Ambient,1,2,23,695,1474,528,0.528
Shallow Lagoon,Porites,SL12,Ambient,1,2,23,625,1432,563,0.563
Shallow Lagoon,Porites,SL13,Ambient,1,2,23,625,1412,557,0.557
Shallow Lagoon,Porites,SL14,Ambient,1,2,23,643,1418,546,0.546
Shallow Lagoon,Porites,SL15,Ambient,1,2,23,353,731,517,0.517
Shallow Lagoon,Porites,SL16,Ambient,1,2,23,565,1310,568,0.568
Shallow Lagoon,Porites,SL17,Ambient,1,2,23,652,1502,565,0.565
Shallow Lagoon,Porites,SL18,Ambient,1,2,23,541,1158,532,0.532
Shallow Lagoon,Porites,SL19,Ambient,1,2,23,721,1679,570,0.57
Shallow Lagoon,Porites,SL20,Ambient,1,2,23,747,1611,536,0.536
Deep Lagoon,Pocillopora,DL01,Ambient,1,1,23,356,957,628,0.628
Deep Lagoon,Pocillopora,DL02,Ambient,1,1,23,287,1036,722,0.722
Deep Lagoon,Pocillopora,DL03,Ambient,1,1,23,327,902,637,0.637
Deep Lagoon,Pocillopora,DL04,Ambient,1,1,23,283,832,659,0.659
Deep Lagoon,Pocillopora,DL05,Ambient,1,1,23,392,955,589,0.589
Deep Lagoon,Pocillopora,DL06,Ambient,1,1,23,152,430,646,0.646
Deep Lagoon,Pocillopora,DL07,Ambient,1,1,23,290,809,641,0.641
Deep Lagoon,Pocillopora,DL08,Ambient,1,1,23,289,810,643,0.643
Deep Lagoon,Pocillopora,DL09,Ambient,1,1,23,317,1014,687,0.687
Deep Lagoon,Pocillopora,DL10,Ambient,1,1,23,341,968,647,0.647
Deep Lagoon,Porites,DL11,Ambient,1,1,23,402,1146,649,0.649
Deep Lagoon,Porites,DL12,Ambient,1,1,23,412,1098,624,0.624
Deep Lagoon,Porites,DL13,Ambient,1,1,23,427,1148,628,0.628
Deep Lagoon,Porites,DL14,Ambient,1,1,23,647,1593,593,0.593
Deep Lagoon,Porites,DL15,Ambient,1,1,23,335,937,642,0.642
Deep Lagoon,Porites,DL16,Ambient,1,1,23,339,937,638,0.638
Deep Lagoon,Porites,DL17,Ambient,1,1,23,437,1164,624,0.624
Deep Lagoon,Porites,DL18,Ambient,1,1,23,345,1041,668,0.668
Deep Lagoon,Porites,DL19,Ambient,1,1,23,396,1066,628,0.628
Deep Lagoon,Porites,DL20,Ambient,1,1,23,324,885,633,0.633
Deep Lagoon,Pocillopora,DL01,Ambient,1,2,23,350,1005,651,0.651
Deep Lagoon,Pocillopora,DL02,Ambient,1,2,23,226,659,657,0.657
Deep Lagoon,Pocillopora,DL03,Ambient,1,2,23,206,630,673,0.673
Deep Lagoon,Pocillopora,DL04,Ambient,1,2,23,294,909,676,0.676
Deep Lagoon,Pocillopora,DL05,Ambient,1,2,23,154,452,659,0.659
Deep Lagoon,Pocillopora,DL06,Ambient,1,2,23,154,416,629,0.629
Deep Lagoon,Pocillopora,DL07,Ambient,1,2,23,351,860,591,0.591
Deep Lagoon,Pocillopora,DL08,Ambient,1,2,23,363,1000,637,0.637
Deep Lagoon,Pocillopora,DL09,Ambient,1,2,23,339,1096,690,0.69
Deep Lagoon,Pocillopora,DL10,Ambient,1,2,23,375,1027,634,0.634
Deep Lagoon,Porites,DL11,Ambient,1,2,23,296,866,658,0.658
Deep Lagoon,Porites,DL12,Ambient,1,2,23,303,811,626,0.626
Deep Lagoon,Porites,DL13,Ambient,1,2,23,348,779,553,0.553
Deep Lagoon,Porites,DL14,Ambient,1,2,23,561,1479,620,0.62
Deep Lagoon,Porites,DL15,Ambient,1,2,23,383,1082,646,0.646
Deep Lagoon,Porites,DL16,Ambient,1,2,23,305,857,644,0.644
Deep Lagoon,Porites,DL17,Ambient,1,2,23,392,1025,617,0.617
Deep Lagoon,Porites,DL18,Ambient,1,2,23,424,1039,591,0.591
Deep Lagoon,Porites,DL19,Ambient,1,2,23,378,1069,646,0.646
Deep Lagoon,Porites,DL20,Ambient,1,2,23,401,1172,657,0.657
Reef Flat,Pocillopora,RF01,Ambient,1,1,23,420,1189,646,0.646
Reef Flat,Pocillopora,RF02,Ambient,1,1,23,342,978,650,0.65
Reef Flat,Pocillopora,RF03,Ambient,1,1,23,262,730,641,0.641
Reef Flat,Pocillopora,RF04,Ambient,1,1,23,305,845,639,0.639
Reef Flat,Pocillopora,RF05,Ambient,1,1,23,198,598,668,0.668
Reef Flat,Pocillopora,RF06,Ambient,1,1,23,384,1062,638,0.638
Reef Flat,Pocillopora,RF07,Ambient,1,1,23,263,743,646,0.646
Reef Flat,Pocillopora,RF08,Ambient,1,1,23,331,963,656,0.656
Reef Flat,Pocillopora,RF09,Ambient,1,1,23,344,984,650,0.65
Reef Flat,Pocillopora,RF10,Ambient,1,1,23,309,949,674,0.674
Reef Flat,Porites,RF11,Ambient,1,1,23,551,1336,587,0.587
Reef Flat,Porites,RF12,Ambient,1,1,23,504,1165,567,0.567
Reef Flat,Porites,RF13,Ambient,1,1,23,593,1480,599,0.599
Reef Flat,Porites,RF14,Ambient,1,1,23,486,1253,612,0.612
Reef Flat,Porites,RF15,Ambient,1,1,23,534,1357,606,0.606
Reef Flat,Porites,RF16,Ambient,1,1,23,438,1142,616,0.616
Reef Flat,Acropora,RF21,Ambient,1,1,23,438,1071,591,0.591
Reef Flat,Acropora,RF22,Ambient,1,1,23,440,1126,609,0.609
Reef Flat,Acropora,RF23,Ambient,1,1,23,347,890,610,0.61
Reef Flat,Acropora,RF24,Ambient,1,1,23,353,940,624,0.624
Reef Flat,Acropora,RF25,Ambient,1,1,23,377,721,477,0.477
Reef Flat,Acropora,RF26,Ambient,1,1,23,212,523,594,0.594
Reef Flat,Acropora,RF27,Ambient,1,1,23,323,817,604,0.604
Reef Flat,Acropora,RF28,Ambient,1,1,23,218,597,634,0.634
Reef Flat,Acropora,RF29,Ambient,1,1,23,437,1243,648,0.648
Reef Flat,Acropora,RF30,Ambient,1,1,23,395,1134,651,0.651
Reef Flat,Pocillopora,RF01,Ambient,1,2,23,369,1025,640,0.64
Reef Flat,Pocillopora,RF02,Ambient,1,2,23,202,562,640,0.64
Reef Flat,Pocillopora,RF03,Ambient,1,2,23,356,1005,645,0.645
Reef Flat,Pocillopora,RF04,Ambient,1,2,23,287,851,662,0.662
Reef Flat,Pocillopora,RF05,Ambient,1,2,23,282,684,587,0.587
Reef Flat,Pocillopora,RF06,Ambient,1,2,23,255,735,653,0.653
Reef Flat,Pocillopora,RF07,Ambient,1,2,23,299,781,617,0.617
Reef Flat,Pocillopora,RF08,Ambient,1,2,23,162,481,663,0.663
Reef Flat,Pocillopora,RF09,Ambient,1,2,23,360,1013,644,0.644
Reef Flat,Pocillopora,RF10,Ambient,1,2,23,224,607,630,0.63
Reef Flat,Porites,RF11,Ambient,1,2,23,528,1389,619,0.619
Reef Flat,Porites,RF12,Ambient,1,2,23,483,1220,604,0.604
Reef Flat,Porites,RF13,Ambient,1,2,23,659,1564,578,0.578
Reef Flat,Porites,RF14,Ambient,1,2,23,521,1254,584,0.584
Reef Flat,Porites,RF15,Ambient,1,2,23,397,703,435,0.435
Reef Flat,Porites,RF16,Ambient,1,2,23,424,1035,590,0.59
Reef Flat,Acropora,RF21,Ambient,1,2,23,452,1146,605,0.605
Reef Flat,Acropora,RF22,Ambient,1,2,23,360,952,621,0.621
Reef Flat,Acropora,RF23,Ambient,1,2,23,403,1068,622,0.622
Reef Flat,Acropora,RF24,Ambient,1,2,23,272,814,665,0.665
Reef Flat,Acropora,RF25,Ambient,1,2,23,449,1176,618,0.618
Reef Flat,Acropora,RF26,Ambient,1,2,23,269,718,625,0.625
Reef Flat,Acropora,RF27,Ambient,1,2,23,225,646,651,0.651
Reef Flat,Acropora,RF28,Ambient,1,2,23,222,635,650,0.65
Reef Flat,Acropora,RF29,Ambient,1,2,23,376,1177,680,0.68
Reef Flat,Acropora,RF30,Ambient,1,2,23,268,744,639,0.639
Fourth Point,Pocillopora,FP01,Ambient,1,1,23,186,579,678,0.678
Fourth Point,Pocillopora,FP01,Ambient,1,2,23,171,548,687,0.687
Fourth Point,Pocillopora,FP02,Ambient,1,1,23,257,736,650,0.65
Fourth Point,Pocillopora,FP02,Ambient,1,2,23,272,907,700,0.7
Fourth Point,Pocillopora,FP03,Ambient,1,1,23,253,729,652,0.652
Fourth Point,Pocillopora,FP03,Ambient,1,2,23,223,722,691,0.691
Fourth Point,Pocillopora,FP04,Ambient,1,1,23,149,466,680,0.68
Fourth Point,Pocillopora,FP04,Ambient,1,2,23,302,915,669,0.669
Fourth Point,Pocillopora,FP05,Ambient,1,1,23,178,461,613,0.613
Fourth Point,Pocillopora,FP05,Ambient,1,2,23,137,429,680,0.68
Fourth Point,Pocillopora,FP06,Ambient,1,1,23,283,868,673,0.673
Fourth Point,Pocillopora,FP06,Ambient,1,2,23,255,746,658,0.658
Fourth Point,Pocillopora,FP07,Ambient,1,1,23,290,872,667,0.667
Fourth Point,Pocillopora,FP07,Ambient,1,2,23,196,552,644,0.644
Fourth Point,Pocillopora,FP08,Ambient,1,1,23,219,650,663,0.663
Fourth Point,Pocillopora,FP08,Ambient,1,2,23,139,425,672,0.672
Fourth Point,Pocillopora,FP09,Ambient,1,1,23,229,742,691,0.691
Fourth Point,Pocillopora,FP09,Ambient,1,2,23,201,570,647,0.647
Fourth Point,Pocillopora,FP10,Ambient,1,1,23,156,474,670,0.67
Fourth Point,Pocillopora,FP10,Ambient,1,2,23,246,683,639,0.639
Fourth Point,Porites,FP11,Ambient,1,1,23,526,1195,559,0.559
Fourth Point,Porites,FP11,Ambient,1,2,23,559,1257,555,0.555
Fourth Point,Porites,FP12,Ambient,1,1,23,473,1028,539,0.539
Fourth Point,Porites,FP12,Ambient,1,2,23,459,1141,597,0.597
Fourth Point,Porites,FP13,Ambient,1,1,23,220,443,503,0.503
Fourth Point,Porites,FP13,Ambient,1,2,23,422,1043,595,0.595
Fourth Point,Porites,FP14,Ambient,1,1,23,367,864,575,0.575
Fourth Point,Porites,FP14,Ambient,1,2,23,333,848,607,0.607
Fourth Point,Porites,FP15,Ambient,1,1,23,511,166,561,0.561
Fourth Point,Porites,FP15,Ambient,1,2,23,522,1210,568,0.568
Fourth Point,Acropora,FP21,Ambient,1,1,23,264,793,667,0.667
Fourth Point,Acropora,FP21,Ambient,1,2,23,167,459,636,0.636
Fourth Point,Acropora,FP22,Ambient,1,1,23,304,773,606,0.606
Fourth Point,Acropora,FP22,Ambient,1,2,23,262,739,645,0.645
Fourth Point,Acropora,FP23,Ambient,1,1,23,317,937,661,0.661
Fourth Point,Acropora,FP23,Ambient,1,2,23,236,535,558,0.558
Fourth Point,Acropora,FP24,Ambient,1,1,23,351,985,643,0.643
Fourth Point,Acropora,FP24,Ambient,1,2,23,253,630,598,0.598
Fourth Point,Acropora,FP25,Ambient,1,1,23,233,609,617,0.617
Fourth Point,Acropora,FP25,Ambient,1,2,23,326,860,620,0.62
Fourth Point,Acropora,FP26,Ambient,1,1,23,305,797,617,0.617
Fourth Point,Acropora,FP26,Ambient,1,2,23,241,626,615,0.615
Fourth Point,Acropora,FP27,Ambient,1,1,23,182,441,587,0.587
Fourth Point,Acropora,FP27,Ambient,1,2,23,234,708,669,0.669
Fourth Point,Acropora,FP28,Ambient,1,1,23,281,736,618,0.618
Fourth Point,Acropora,FP28,Ambient,1,2,23,262,665,606,0.606
Fourth Point,Acropora,FP29,Ambient,1,1,23,324,824,606,0.606
Fourth Point,Acropora,FP29,Ambient,1,2,23,237,617,615,0.615
Fourth Point,Acropora,FP30,Ambient,1,1,23,388,1027,622,0.622
Fourth Point,Acropora,FP30,Ambient,1,2,23,380,964,605,0.605
Reef Crest,Pocillopora,RC01,Ambient,1,1,23,231,668,654,0.654
Reef Crest,Pocillopora,RC01,Ambient,1,2,23,156,439,644,0.644
Reef Crest,Pocillopora,RC02,Ambient,1,1,23,362,1057,657,0.657
Reef Crest,Pocillopora,RC02,Ambient,1,2,23,381,1135,664,0.664
Reef Crest,Pocillopora,RC03,Ambient,1,1,23,304,805,622,0.622
Reef Crest,Pocillopora,RC03,Ambient,1,2,23,214,637,664,0.664
Reef Crest,Pocillopora,RC04,Ambient,1,1,23,303,820,630,0.63
Reef Crest,Pocillopora,RC04,Ambient,1,2,23,419,1215,655,0.655
Reef Crest,Pocillopora,RC05,Ambient,1,1,23,404,1257,679,0.679
Reef Crest,Pocillopora,RC05,Ambient,1,2,23,1208,1189,666,0.666
Reef Crest,Pocillopora,RC06,Ambient,1,1,23,336,1022,671,0.671
Reef Crest,Pocillopora,RC06,Ambient,1,2,23,446,1208,630,0.63
Reef Crest,Pocillopora,RC07,Ambient,1,1,23,376,1177,680,0.68
Reef Crest,Pocillopora,RC07,Ambient,1,2,23,356,941,621,0.621
Reef Crest,Pocillopora,RC08,Ambient,1,1,23,336,911,631,0.631
Reef Crest,Pocillopora,RC08,Ambient,1,2,23,320,855,625,0.625
Reef Crest,Pocillopora,RC09,Ambient,1,1,23,217,640,660,0.66
Reef Crest,Pocillopora,RC09,Ambient,1,2,23,273,679,597,0.597
Reef Crest,Pocillopora,RC10,Ambient,1,1,23,360,1061,660,0.66
Reef Crest,Pocillopora,RC10,Ambient,1,2,23,276,808,658,0.658
Reef Crest,Porites,RC11,Ambient,1,1,23,332,881,623,0.623
Reef Crest,Porites,RC11,Ambient,1,2,23,303,717,577,0.577
Reef Crest,Porites,RC12,Ambient,1,1,23,491,1073,642,0.642
Reef Crest,Porites,RC12,Ambient,1,2,23,430,1034,584,0.584
Reef Crest,Porites,RC13,Ambient,1,1,23,475,1172,594,0.594
Reef Crest,Porites,RC13,Ambient,1,2,23,491,1281,616,0.616
Reef Crest,Porites,RC14,Ambient,1,1,23,369,948,610,0.61
Reef Crest,Porites,RC14,Ambient,1,2,23,326,855,618,0.618
Reef Crest,Porites,RC15,Ambient,1,1,23,533,1451,632,0.632
Reef Crest,Porites,RC15,Ambient,1,2,23,487,1307,627,0.627
Reef Crest,Porites,RC16,Ambient,1,1,23,337,879,616,0.616
Reef Crest,Porites,RC16,Ambient,1,2,23,492,1231,600,0.6
Reef Crest,Porites,RC17,Ambient,1,1,23,473,1272,628,0.628
Reef Crest,Porites,RC17,Ambient,1,2,23,425,1209,648,0.648
Reef Crest,Porites,RC18,Ambient,1,1,23,383,1014,622,0.622
Reef Crest,Porites,RC18,Ambient,1,2,23,279,714,609,0.609
Reef Crest,Porites,RC19,Ambient,1,1,23,422,1020,586,0.586
Reef Crest,Porites,RC19,Ambient,1,2,23,462,1016,545,0.545
Reef Crest,Porites,RC20,Ambient,1,1,23,386,912,576,0.576
Reef Crest,Porites,RC20,Ambient,1,2,23,383,929,587,0.587
Reef Crest,Acropora,RC21,Ambient,1,1,23,395,1036,618,0.618
Reef Crest,Acropora,RC21,Ambient,1,2,23,358,986,636,0.636
Reef Crest,Acropora,RC22,Ambient,1,1,23,280,670,582,0.582
Reef Crest,Acropora,RC22,Ambient,1,2,23,283,796,644,0.644
Reef Crest,Acropora,RC23,Ambient,1,1,23,445,1171,619,0.619
Reef Crest,Acropora,RC23,Ambient,1,2,23,349,1002,651,0.651
Reef Crest,Acropora,RC24,Ambient,1,1,23,361,911,603,0.603
Reef Crest,Acropora,RC24,Ambient,1,2,23,372,1079,655,0.655
Reef Crest,Acropora,RC25,Ambient,1,1,23,406,1082,624,0.624
Reef Crest,Acropora,RC25,Ambient,1,2,23,380,1067,643,0.643
Reef Crest,Acropora,RC26,Ambient,1,1,23,392,1161,662,0.662
Reef Crest,Acropora,RC26,Ambient,1,2,23,307,868,646,0.646
Reef Crest,Acropora,RC27,Ambient,1,1,23,278,763,635,0.635
Reef Crest,Acropora,RC27,Ambient,1,2,23,231,644,641,0.641
Reef Crest,Acropora,RC28,Ambient,1,1,23,199,527,622,0.622
Reef Crest,Acropora,RC28,Ambient,1,2,23,242,582,584,0.584
Reef Crest,Acropora,RC29,Ambient,1,1,23,474,1383,657,0.657
Reef Crest,Acropora,RC29,Ambient,1,2,23,163,398,590,0.59
Reef Crest,Acropora,RC30,Ambient,1,1,23,457,1284,644,0.644
Reef Crest,Acropora,RC30,Ambient,1,2,23,317,715,556,0.556
Harry's Bommie,Pocillopora,HB01,Ambient,1,1,23,349,1105,684,0.684
Harry's Bommie,Pocillopora,HB02,Ambient,1,1,23,348,1064,672,0.672
Harry's Bommie,Pocillopora,HB03,Ambient,1,1,23,267,901,703,0.703
Harry's Bommie,Pocillopora,HB04,Ambient,1,1,23,265,805,670,0.67
Harry's Bommie,Pocillopora,HB05,Ambient,1,1,23,290,921,685,0.685
Harry's Bommie,Pocillopora,HB06,Ambient,1,1,23,189,54,650,0.65
Harry's Bommie,Pocillopora,HB07,Ambient,1,1,23,313,985,682,0.682
Harry's Bommie,Pocillopora,HB08,Ambient,1,1,23,298,867,656,0.656
Harry's Bommie,Pocillopora,HB09,Ambient,1,1,23,223,600,628,0.628
Harry's Bommie,Pocillopora,HB10,Ambient,1,1,23,219,833,737,0.737
Harry's Bommie,Porites,HB11,Ambient,1,1,23,479,1062,548,0.548
Harry's Bommie,Porites,HB12,Ambient,1,1,23,506,1325,618,0.618
Harry's Bommie,Porites,HB13,Ambient,1,1,23,413,1048,605,0.605
Harry's Bommie,Porites,HB14,Ambient,1,1,23,471,1205,609,0.609
Harry's Bommie,Porites,HB15,Ambient,1,1,23,563,1515,628,0.628
Harry's Bommie,Porites,HB16,Ambient,1,1,23,576,1342,570,0.57
Harry's Bommie,Porites,HB17,Ambient,1,1,23,436,1135,615,0.615
Harry's Bommie,Porites,HB18,Ambient,1,1,23,582,1389,580,0.58
Harry's Bommie,Porites,HB19,Ambient,1,1,23,422,931,546,0.546
Harry's Bommie,Porites,HB20,Ambient,1,1,23,534,1275,581,0.581
Harry's Bommie,Acropora,HB21,Ambient,1,1,23,335,1016,670,0.67
Harry's Bommie,Acropora,HB22,Ambient,1,1,23,202,485,583,0.583
Harry's Bommie,Acropora,HB23,Ambient,1,1,23,203,534,619,0.619
Harry's Bommie,Acropora,HB24,Ambient,1,1,23,318,927,656,0.656
Harry's Bommie,Acropora,HB25,Ambient,1,1,23,233,580,598,0.598
Harry's Bommie,Acropora,HB26,Ambient,1,1,23,305,794,615,0.615
Harry's Bommie,Acropora,HB27,Ambient,1,1,23,303,881,656,0.656
Harry's Bommie,Acropora,HB28,Ambient,1,1,23,227,598,620,0.62
Harry's Bommie,Acropora,HB29,Ambient,1,1,23,264,814,675,0.675
Harry's Bommie,Acropora,HB30,Ambient,1,1,23,263,672,608,0.608
Harry's Bommie,Pocillopora,HB01,Ambient,1,2,23,370,1110,666,0.666
Harry's Bommie,Pocillopora,HB02,Ambient,1,2,23,382,1190,678,0.678
Harry's Bommie,Pocillopora,HB03,Ambient,1,2,23,231,655,647,0.647
Harry's Bommie,Pocillopora,HB04,Ambient,1,2,23,280,865,676,0.676
Harry's Bommie,Pocillopora,HB05,Ambient,1,2,23,288,892,677,0.677
Harry's Bommie,Pocillopora,HB06,Ambient,1,2,23,330,958,655,0.655
Harry's Bommie,Pocillopora,HB07,Ambient,1,2,23,128,371,654,0.654
Harry's Bommie,Pocillopora,HB08,Ambient,1,2,23,154,450,657,0.657
Harry's Bommie,Pocillopora,HB09,Ambient,1,2,23,257,715,640,0.64
Harry's Bommie,Pocillopora,HB10,Ambient,1,2,23,267,926,711,0.711
Harry's Bommie,Porites,HB11,Ambient,1,2,23,235,502,531,0.531
Harry's Bommie,Porites,HB12,Ambient,1,2,23,511,1392,632,0.632
Harry's Bommie,Porites,HB13,Ambient,1,2,23,349,896,610,0.61
Harry's Bommie,Porites,HB14,Ambient,1,2,23,378,936,596,0.596
Harry's Bommie,Porites,HB15,Ambient,1,2,23,434,1250,652,0.652
Harry's Bommie,Porites,HB16,Ambient,1,2,23,555,1459,619,0.619
Harry's Bommie,Porites,HB17,Ambient,1,2,23,431,1169,631,0.631
Harry's Bommie,Porites,HB18,Ambient,1,2,23,569,1402,594,0.594
Harry's Bommie,Porites,HB19,Ambient,1,2,23,369,877,579,0.579
Harry's Bommie,Porites,HB20,Ambient,1,2,23,528,1276,586,0.586
Harry's Bommie,Acropora,HB21,Ambient,1,2,23,179,442,595,0.595
Harry's Bommie,Acropora,HB22,Ambient,1,2,23,220,820,731,0.731
Harry's Bommie,Acropora,HB23,Ambient,1,2,23,201,528,619,0.619
Harry's Bommie,Acropora,HB24,Ambient,1,2,23,137,381,640,0.64
Harry's Bommie,Acropora,HB25,Ambient,1,2,23,299,830,639,0.639
Harry's Bommie,Acropora,HB26,Ambient,1,2,23,226,599,622,0.622
Harry's Bommie,Acropora,HB27,Ambient,1,2,23,168,411,591,0.591
Harry's Bommie,Acropora,HB28,Ambient,1,2,23,204,541,622,0.622
Harry's Bommie,Acropora,HB29,Ambient,1,2,23,237,624,620,0.62
Harry's Bommie,Acropora,HB30,Ambient,1,2,23,182,681,732,0.732
Harry's Bommie,Acropora,HBTRIAL1,Ambient,1,3,23,,,621,0.621
Harry's Bommie,Acropora,HBTRIAL2,Ambient,1,3,23,,,651,0.651
Harry's Bommie,Acropora,HBTRIAL3,Ambient,1,3,23,,,651.5,0.6515
Harry's Bommie,Pocillopora,HBTRIAL4,Ambient,1,3,23,,,641.5,0.6415
Harry's Bommie,Pocillopora,HBTRIAL5,Ambient,1,3,23,,,625.5,0.6255
Harry's Bommie,Pocillopora,HBTRIAL6,Ambient,1,3,23,,,667,0.667
Harry's Bommie,Porites,HBTRIAL7,Ambient,1,3,23,,,591,0.591
Harry's Bommie,Porites,HBTRIAL8,Ambient,1,3,23,,,549,0.549
Harry's Bommie,Porites,HBTRIAL9,Ambient,1,3,23,,,591.5,0.5915
Shallow Lagoon,Pocillopora,SL01,T1,2,1,27.3,443,1281,654,0.654
Shallow Lagoon,Pocillopora,SL02,T1,2,1,27.3,372,1040,643,0.643
Shallow Lagoon,Pocillopora,SL03,T1,2,1,27.3,409,1163,648,0.648
Shallow Lagoon,Pocillopora,SL04,T1,2,1,27.3,394,1144,655,0.655
Shallow Lagoon,Pocillopora,SL05,T1,2,1,27.3,331,953,652,0.652
Shallow Lagoon,Pocillopora,SL06,T1,2,1,27.3,282,780,638,0.638
Shallow Lagoon,Pocillopora,SL07,T1,2,1,27.3,326,883,630,0.63
Shallow Lagoon,Pocillopora,SL08,T1,2,1,27.3,335,932,640,0.64
Shallow Lagoon,Pocillopora,SL09,T1,2,1,27.3,252,699,639,0.639
Shallow Lagoon,Pocillopora,SL10,T1,2,1,27.3,497,1448,656,0.656
Shallow Lagoon,Porites,SL11,T1,2,1,27.3,447,998,552,0.552
Shallow Lagoon,Porites,SL12,T1,2,1,27.3,621,1477,579,0.579
Shallow Lagoon,Porites,SL13,T1,2,1,27.3,589,1328,556,0.556
Shallow Lagoon,Porites,SL14,T1,2,1,27.3,712,1576,548,0.548
Shallow Lagoon,Porites,SL15,T1,2,1,27.3,578,1373,579,0.579
Shallow Lagoon,Porites,SL16,T1,2,1,27.3,676,1474,541,0.541
Shallow Lagoon,Porites,SL17,T1,2,1,27.3,739,1689,562,0.562
Shallow Lagoon,Porites,SL18,T1,2,1,27.3,551,1349,591,0.591
Shallow Lagoon,Porites,SL19,T1,2,1,27.3,582,1369,574,0.574
Shallow Lagoon,Porites,SL20,T1,2,1,27.3,760,1650,539,0.539
Shallow Lagoon,Pocillopora,SL01,T1,2,2,27.3,359,1051,658,0.658
Shallow Lagoon,Pocillopora,SL02,T1,2,2,27.3,348,978,644,0.644
Shallow Lagoon,Pocillopora,SL03,T1,2,2,27.3,290,764,620,0.62
Shallow Lagoon,Pocillopora,SL04,T1,2,2,27.3,347,986,648,0.648
Shallow Lagoon,Pocillopora,SL05,T1,2,2,27.3,320,872,633,0.633
Shallow Lagoon,Pocillopora,SL06,T1,2,2,27.3,447,1220,633,0.633
Shallow Lagoon,Pocillopora,SL07,T1,2,2,27.3,224,611,633,0.633
Shallow Lagoon,Pocillopora,SL08,T1,2,2,27.3,385,1079,643,0.643
Shallow Lagoon,Pocillopora,SL09,T1,2,2,27.3,404,1121,639,0.639
Shallow Lagoon,Pocillopora,SL10,T1,2,2,27.3,339,1004,662,0.662
Shallow Lagoon,Porites,SL11,T1,2,2,27.3,527,1278,587,0.587
Shallow Lagoon,Porites,SL12,T1,2,2,27.3,598,1402,573,0.573
Shallow Lagoon,Porites,SL13,T1,2,2,27.3,697,1481,529,0.529
Shallow Lagoon,Porites,SL14,T1,2,2,27.3,630,1444,563,0.563
Shallow Lagoon,Porites,SL15,T1,2,2,27.3,637,1463,564,0.564
Shallow Lagoon,Porites,SL16,T1,2,2,27.3,661,1560,576,0.576
Shallow Lagoon,Porites,SL17,T1,2,2,27.3,609,1421,571,0.571
Shallow Lagoon,Porites,SL18,T1,2,2,27.3,588,1147,487,0.487
Shallow Lagoon,Porites,SL19,T1,2,2,27.3,718,1603,552,0.552
Shallow Lagoon,Porites,SL20,T1,2,2,27.3,742,1637,546,0.546
Deep Lagoon,Pocillopora,DL01,T1,2,1,27.3,318,931,658,0.658
Deep Lagoon,Pocillopora,DL02,T1,2,1,27.3,242,657,631,0.631
Deep Lagoon,Pocillopora,DL03,T1,2,1,27.3,366,1019,640,0.64
Deep Lagoon,Pocillopora,DL04,T1,2,1,27.3,314,876,641,0.641
Deep Lagoon,Pocillopora,DL05,T1,2,1,27.3,379,1101,655,0.655
Deep Lagoon,Pocillopora,DL06,T1,2,1,27.3,416,1170,644,0.644
Deep Lagoon,Pocillopora,DL07,T1,2,1,27.3,307,811,621,0.621
Deep Lagoon,Pocillopora,DL08,T1,2,1,27.3,288,735,608,0.608
Deep Lagoon,Pocillopora,DL09,T1,2,1,27.3,246,751,672,0.672
Deep Lagoon,Pocillopora,DL10,T1,2,1,27.3,467,1349,653,0.653
Deep Lagoon,Porites,DL11,T1,2,1,27.3,334,847,605,0.605
Deep Lagoon,Porites,DL12,T1,2,1,27.3,437,1272,656,0.656
Deep Lagoon,Porites,DL13,T1,2,1,27.3,234,521,550,0.55
Deep Lagoon,Porites,DL14,T1,2,1,27.3,544,1393,609,0.609
Deep Lagoon,Porites,DL15,T1,2,1,27.3,379,1035,633,0.633
Deep Lagoon,Porites,DL16,T1,2,1,27.3,290,730,602,0.602
Deep Lagoon,Porites,DL17,T1,2,1,27.3,415,1188,650,0.65
Deep Lagoon,Porites,DL18,T1,2,1,27.3,403,1183,659,0.659
Deep Lagoon,Porites,DL19,T1,2,1,27.3,354,937,622,0.622
Deep Lagoon,Porites,DL20,T1,2,1,27.3,292,762,616,0.616
Reef Flat,Pocillopora,RF01,T1,2,1,27.3,375,1057,645,0.645
Reef Flat,Pocillopora,RF02,T1,2,1,27.3,314,886,645,0.645
Reef Flat,Pocillopora,RF03,T1,2,1,27.3,373,996,625,0.625
Reef Flat,Pocillopora,RF04,T1,2,1,27.3,353,1035,658,0.658
Reef Flat,Pocillopora,RF05,T1,2,1,27.3,304,810,624,0.624
Reef Flat,Pocillopora,RF06,T1,2,1,27.3,388,954,593,0.593
Reef Flat,Pocillopora,RF07,T1,2,1,27.3,262,761,655,0.655
Reef Flat,Pocillopora,RF08,T1,2,1,27.3,262,759,654,0.654
Reef Flat,Pocillopora,RF09,T1,2,1,27.3,330,873,621,0.621
Reef Flat,Pocillopora,RF10,T1,2,1,27.3,264,711,628,0.628
Reef Flat,Porites,RF11,T1,2,1,27.3,431,1133,619,0.619
Reef Flat,Porites,RF12,T1,2,1,27.3,444,1106,598,0.598
Reef Flat,Porites,RF13,T1,2,1,27.3,496,1223,594,0.594
Reef Flat,Porites,RF14,T1,2,1,27.3,418,1437,709,0.709
Reef Flat,Porites,RF15,T1,2,1,27.3,415,1029,596,0.596
Reef Flat,Porites,RF16,T1,2,1,27.3,449,1056,574,0.574
Reef Flat,Acropora,RF21,T1,2,1,27.3,348,971,641,0.641
Reef Flat,Acropora,RF22,T1,2,1,27.3,383,1023,625,0.625
Reef Flat,Acropora,RF23,T1,2,1,27.3,338,886,618,0.618
Reef Flat,Acropora,RF24,T1,2,1,27.3,443,1168,620,0.62
Reef Flat,Acropora,RF25,T1,2,1,27.3,304,761,600,0.6
Reef Flat,Acropora,RF26,T1,2,1,27.3,287,773,628,0.628
Reef Flat,Acropora,RF27,T1,2,1,27.3,258,744,653,0.653
Reef Flat,Acropora,RF28,T1,2,1,27.3,268,765,649,0.649
Reef Flat,Acropora,RF29,T1,2,1,27.3,295,829,644,0.644
Reef Flat,Acropora,RF30,T1,2,1,27.3,261,803,674,0.674
Reef Flat,Pocillopora,RF01,T1,2,2,27.3,357,1019,649,0.649
Reef Flat,Pocillopora,RF02,T1,2,2,27.3,238,661,639,0.639
Reef Flat,Pocillopora,RF03,T1,2,2,27.3,347,1046,668,0.668
Reef Flat,Pocillopora,RF04,T1,2,2,27.3,289,814,644,0.644
Reef Flat,Pocillopora,RF05,T1,2,2,27.3,395,1167,661,0.661
Reef Flat,Pocillopora,RF06,T1,2,2,27.3,385,1139,661,0.661
Reef Flat,Pocillopora,RF07,T1,2,2,27.3,224,651,655,0.655
Reef Flat,Pocillopora,RF08,T1,2,2,27.3,345,987,650,0.65
Reef Flat,Pocillopora,RF09,T1,2,2,27.3,297,844,648,0.648
Reef Flat,Pocillopora,RF10,T1,2,2,27.3,277,790,649,0.649
Reef Flat,Porites,RF11,T1,2,2,27.3,489,1211,596,0.596
Reef Flat,Porites,RF12,T1,2,2,27.3,538,1298,585,0.585
Reef Flat,Porites,RF13,T1,2,2,27.3,521,1320,605,0.605
Reef Flat,Porites,RF14,T1,2,2,27.3,524,1176,554,0.554
Reef Flat,Porites,RF15,T1,2,2,27.3,525,1308,598,0.598
Reef Flat,Porites,RF16,T1,2,2,27.3,500,1269,605,0.605
Reef Flat,Acropora,RF21,T1,2,2,27.3,361,977,630,0.63
Reef Flat,Acropora,RF22,T1,2,2,27.3,324,874,629,0.629
Reef Flat,Acropora,RF23,T1,2,2,27.3,382,977,609,0.609
Reef Flat,Acropora,RF24,T1,2,2,27.3,399,1098,636,0.636
Reef Flat,Acropora,RF25,T1,2,2,27.3,380,1063,642,0.642
Reef Flat,Acropora,RF26,T1,2,2,27.3,335,915,633,0.633
Reef Flat,Acropora,RF27,T1,2,2,27.3,293,796,631,0.631
Reef Flat,Acropora,RF28,T1,2,2,27.3,234,691,661,0.661
Reef Flat,Acropora,RF29,T1,2,2,27.3,293,815,640,0.64
Reef Flat,Acropora,RF30,T1,2,2,27.3,270,845,680,0.68
Fourth Point,Pocillopora,FP01,T1,2,1,27.3,335,921,636,0.636
Fourth Point,Pocillopora,FP01,T1,2,2,27.3,296,872,660,0.66
Fourth Point,Pocillopora,FP02,T1,2,1,27.3,289,878,670,0.67
Fourth Point,Pocillopora,FP02,T1,2,2,27.3,337,988,658,0.658
Fourth Point,Pocillopora,FP03,T1,2,1,27.3,299,877,659,0.659
Fourth Point,Pocillopora,FP03,T1,2,2,27.3,327,951,656,0.656
Fourth Point,Pocillopora,FP04,T1,2,1,27.3,293,888,670,0.67
Fourth Point,Pocillopora,FP04,T1,2,2,27.3,307,945,675,0.675
Fourth Point,Pocillopora,FP05,T1,2,1,27.3,285,871,672,0.672
Fourth Point,Pocillopora,FP05,T1,2,2,27.3,245,743,670,0.67
Fourth Point,Pocillopora,FP06,T1,2,1,27.3,225,624,639,0.639
Fourth Point,Pocillopora,FP06,T1,2,2,27.3,259,727,643,0.643
Fourth Point,Pocillopora,FP07,T1,2,1,27.3,299,905,669,0.669
Fourth Point,Pocillopora,FP07,T1,2,2,27.3,151,461,672,0.672
Fourth Point,Pocillopora,FP08,T1,2,1,27.3,156,406,615,0.615
Fourth Point,Pocillopora,FP08,T1,2,2,27.3,165,458,639,0.639
Fourth Point,Pocillopora,FP09,T1,2,1,27.3,194,527,631,0.631
Fourth Point,Pocillopora,FP09,T1,2,2,27.3,195,530,632,0.632
Fourth Point,Pocillopora,FP10,T1,2,1,27.3,281,783,641,0.641
Fourth Point,Pocillopora,FP10,T1,2,2,27.3,227,699,675,0.675
Fourth Point,Porites,FP11,T1,2,1,27.3,522,1268,588,0.588
Fourth Point,Porites,FP11,T1,2,2,27.3,,,,
Fourth Point,Porites,FP12,T1,2,1,27.3,509,1196,574,0.574
Fourth Point,Porites,FP12,T1,2,2,27.3,484,1253,613,0.613
Fourth Point,Porites,FP13,T1,2,1,27.3,434,1036,581,0.581
Fourth Point,Porites,FP13,T1,2,2,27.3,400,1020,607,0.607
Fourth Point,Porites,FP14,T1,2,1,27.3,259,630,588,0.588
Fourth Point,Porites,FP14,T1,2,2,27.3,306,771,603,0.603
Fourth Point,Porites,FP15,T1,2,1,27.3,472,1119,578,0.578
Fourth Point,Porites,FP15,T1,2,2,27.3,414,1051,606,0.606
Fourth Point,Acropora,FP21,T1,2,1,27.3,265,742,642,0.642
Fourth Point,Acropora,FP21,T1,2,2,27.3,239,687,652,0.652
Fourth Point,Acropora,FP22,T1,2,1,27.3,254,733,653,0.653
Fourth Point,Acropora,FP22,T1,2,2,27.3,272,799,659,0.659
Fourth Point,Acropora,FP23,T1,2,1,27.3,199,553,640,0.64
Fourth Point,Acropora,FP23,T1,2,2,27.3,207,601,655,0.655
Fourth Point,Acropora,FP24,T1,2,1,27.3,386,1101,649,0.649
Fourth Point,Acropora,FP24,T1,2,2,27.3,295,734,598,0.598
Fourth Point,Acropora,FP25,T1,2,1,27.3,278,780,643,0.643
Fourth Point,Acropora,FP25,T1,2,2,27.3,393,1129,651,0.651
Fourth Point,Acropora,FP26,T1,2,1,27.3,321,909,646,0.646
Fourth Point,Acropora,FP26,T1,2,2,27.3,262,717,634,0.634
Fourth Point,Acropora,FP27,T1,2,1,27.3,261,750,652,0.652
Fourth Point,Acropora,FP27,T1,2,2,27.3,226,679,667,0.667
Fourth Point,Acropora,FP28,T1,2,1,27.3,267,740,639,0.639
Fourth Point,Acropora,FP28,T1,2,2,27.3,195,578,662,0.662
Fourth Point,Acropora,FP29,T1,2,1,27.3,262,774,661,0.661
Fourth Point,Acropora,FP29,T1,2,2,27.3,351,1005,650,0.65
Fourth Point,Acropora,FP30,T1,2,1,27.3,371,984,622,0.622
Fourth Point,Acropora,FP30,T1,2,2,27.3,265,700,621,0.621
Reef Crest,Pocillopora,RC01,T1,2,1,27.3,337,934,639,0.639
Reef Crest,Pocillopora,RC01,T1,2,2,27.3,298,766,610,0.61
Reef Crest,Pocillopora,RC02,T1,2,1,27.3,330,965,658,0.658
Reef Crest,Pocillopora,RC02,T1,2,2,27.3,302,873,654,0.654
Reef Crest,Pocillopora,RC03,T1,2,1,27.3,324,866,625,0.625
Reef Crest,Pocillopora,RC03,T1,2,2,27.3,353,1041,660,0.66
Reef Crest,Pocillopora,RC04,T1,2,1,27.3,341,971,648,0.648
Reef Crest,Pocillopora,RC04,T1,2,2,27.3,349,981,644,0.644
Reef Crest,Pocillopora,RC05,T1,2,1,27.3,387,1140,660,0.66
Reef Crest,Pocillopora,RC05,T1,2,2,27.3,351,1098,680,0.68
Reef Crest,Pocillopora,RC06,T1,2,1,27.3,404,1093,630,0.63
Reef Crest,Pocillopora,RC06,T1,2,2,27.3,307,847,637,0.637
Reef Crest,Pocillopora,RC07,T1,2,1,27.3,397,1091,636,0.636
Reef Crest,Pocillopora,RC07,T1,2,2,27.3,356,1032,655,0.655
Reef Crest,Pocillopora,RC08,T1,2,1,27.3,319,925,655,0.655
Reef Crest,Pocillopora,RC08,T1,2,2,27.3,344,985,650,0.65
Reef Crest,Pocillopora,RC09,T1,2,1,27.3,298,843,646,0.646
Reef Crest,Pocillopora,RC09,T1,2,2,27.3,322,831,612,0.612
Reef Crest,Pocillopora,RC10,T1,2,1,27.3,359,940,618,0.618
Reef Crest,Pocillopora,RC10,T1,2,2,27.3,337,1019,669,0.669
Reef Crest,Porites,RC11,T1,2,1,27.3,375,963,610,0.61
Reef Crest,Porites,RC11,T1,2,2,27.3,362,979,630,0.63
Reef Crest,Porites,RC12,T1,2,1,27.3,371,952,610,0.61
Reef Crest,Porites,RC12,T1,2,2,27.3,430,1091,605,0.605
Reef Crest,Porites,RC13,T1,2,1,27.3,420,990,575,0.575
Reef Crest,Porites,RC13,T1,2,2,27.3,450,1220,631,0.631
Reef Crest,Porites,RC14,T1,2,1,27.3,459,1063,568,0.568
Reef Crest,Porites,RC14,T1,2,2,27.3,423,1132,626,0.626
Reef Crest,Porites,RC15,T1,2,1,27.3,573,1394,588,0.588
Reef Crest,Porites,RC15,T1,2,2,27.3,447,1051,574,0.574
Reef Crest,Porites,RC16,T1,2,1,27.3,459,1095,580,0.58
Reef Crest,Porites,RC16,T1,2,2,27.3,442,1064,584,0.584
Reef Crest,Porites,RC17,T1,2,1,27.3,434,1136,617,0.617
Reef Crest,Porites,RC17,T1,2,2,27.3,469,1235,620,0.62
Reef Crest,Porites,RC18,T1,2,1,27.3,439,1009,564,0.564
Reef Crest,Porites,RC18,T1,2,2,27.3,416,1173,645,0.645
Reef Crest,Porites,RC19,T1,2,1,27.3,392,981,600,0.6
Reef Crest,Porites,RC19,T1,2,2,27.3,418,1086,615,0.615
Reef Crest,Porites,RC20,T1,2,1,27.3,429,1082,603,0.603
Reef Crest,Porites,RC20,T1,2,2,27.3,464,1211,616,0.616
Reef Crest,Acropora,RC21,T1,2,1,27.3,426,1238,655,0.655
Reef Crest,Acropora,RC21,T1,2,2,27.3,437,1212,639,0.639
Reef Crest,Acropora,RC22,T1,2,1,27.3,396,1099,639,0.639
Reef Crest,Acropora,RC22,T1,2,2,27.3,380,1057,640,0.64
Reef Crest,Acropora,RC23,T1,2,1,27.3,429,1197,641,0.641
Reef Crest,Acropora,RC23,T1,2,2,27.3,438,1140,615,0.615
Reef Crest,Acropora,RC24,T1,2,1,27.3,374,1088,656,0.656
Reef Crest,Acropora,RC24,T1,2,2,27.3,407,1105,631,0.631
Reef Crest,Acropora,RC25,T1,2,1,27.3,446,1181,622,0.622
Reef Crest,Acropora,RC25,T1,2,2,27.3,398,1144,652,0.652
Reef Crest,Acropora,RC26,T1,2,1,27.3,342,981,651,0.651
Reef Crest,Acropora,RC26,T1,2,2,27.3,321,970,669,0.669
Reef Crest,Acropora,RC27,T1,2,1,27.3,373,1108,663,0.663
Reef Crest,Acropora,RC27,T1,2,2,27.3,350,959,635,0.635
Reef Crest,Acropora,RC28,T1,2,1,27.3,363,1045,652,0.652
Reef Crest,Acropora,RC28,T1,2,2,27.3,375,1052,643,0.643
Reef Crest,Acropora,RC29,T1,2,1,27.3,493,1393,646,0.646
Reef Crest,Acropora,RC29,T1,2,2,27.3,334,884,622,0.622
Reef Crest,Acropora,RC30,T1,2,1,27.3,427,1216,648,0.648
Reef Crest,Acropora,RC30,T1,2,2,27.3,379,1052,639,0.639
Harry's Bommie,Pocillopora,HB01,T1,2,1,27.3,270,816,669,0.669
Harry's Bommie,Pocillopora,HB01,T1,2,2,27.3,221,630,649,0.649
Harry's Bommie,Pocillopora,HB02,T1,2,1,27.3,405,1137,643,0.643
Harry's Bommie,Pocillopora,HB02,T1,2,2,27.3,366,975,624,0.624
Harry's Bommie,Pocillopora,HB03,T1,2,1,27.3,314,936,664,0.664
Harry's Bommie,Pocillopora,HB03,T1,2,2,27.3,221,642,655,0.655
Harry's Bommie,Pocillopora,HB04,T1,2,1,27.3,239,699,658,0.658
Harry's Bommie,Pocillopora,HB04,T1,2,2,27.3,375,1120,665,0.665
Harry's Bommie,Pocillopora,HB05,T1,2,1,27.3,346,1027,663,0.663
Harry's Bommie,Pocillopora,HB05,T1,2,2,27.3,324,1068,696,0.696
Harry's Bommie,Pocillopora,HB06,T1,2,1,27.3,324,888,635,0.635
Harry's Bommie,Pocillopora,HB06,T1,2,2,27.3,295,857,655,0.655
Harry's Bommie,Pocillopora,HB07,T1,2,1,27.3,353,1052,664,0.664
Harry's Bommie,Pocillopora,HB07,T1,2,2,27.3,292,893,673,0.673
Harry's Bommie,Pocillopora,HB08,T1,2,1,27.3,286,845,665,0.665
Harry's Bommie,Pocillopora,HB08,T1,2,2,27.3,276,776,644,0.644
Harry's Bommie,Pocillopora,HB09,T1,2,1,27.3,286,750,618,0.618
Harry's Bommie,Pocillopora,HB09,T1,2,2,27.3,246,869,716,0.716
Harry's Bommie,Pocillopora,HB10,T1,2,1,27.3,271,734,630,0.63
Harry's Bommie,Pocillopora,HB10,T1,2,2,27.3,222,652,659,0.659
Harry's Bommie,Porites,HB11,T1,2,1,27.3,394,973,595,0.595
Harry's Bommie,Porites,HB11,T1,2,2,27.3,395,978,596,0.596
Harry's Bommie,Porites,HB12,T1,2,1,27.3,488,1290,621,0.621
Harry's Bommie,Porites,HB12,T1,2,2,27.3,439,1156,620,0.62
Harry's Bommie,Porites,HB13,T1,2,1,27.3,299,685,563,0.563
Harry's Bommie,Porites,HB13,T1,2,2,27.3,420,947,556,0.556
Harry's Bommie,Porites,HB14,T1,2,1,27.3,490,1204,593,0.593
Harry's Bommie,Porites,HB14,T1,2,2,27.3,,,,
Harry's Bommie,Porites,HB15,T1,2,1,27.3,438,1092,598,0.598
Harry's Bommie,Porites,HB15,T1,2,2,27.3,505,1273,603,0.603
Harry's Bommie,Porites,HB16,T1,2,1,27.3,546,1220,552,0.552
Harry's Bommie,Porites,HB16,T1,2,2,27.3,549,1312,581,0.581
Harry's Bommie,Porites,HB17,T1,2,1,27.3,437,1067,590,0.59
Harry's Bommie,Porites,HB17,T1,2,2,27.3,390,1050,628,0.628
Harry's Bommie,Porites,HB18,T1,2,1,27.3,528,1209,563,0.563
Harry's Bommie,Porites,HB18,T1,2,2,27.3,533,1192,552,0.552
Harry's Bommie,Porites,HB19,T1,2,1,27.3,236,507,534,0.534
Harry's Bommie,Porites,HB19,T1,2,2,27.3,401,941,573,0.573
Harry's Bommie,Porites,HB20,T1,2,1,27.3,615,1427,569,0.569
Harry's Bommie,Porites,HB20,T1,2,2,27.3,530,1296,591,0.591
Harry's Bommie,Acropora,HB21,T1,2,1,27.3,267,745,641,0.641
Harry's Bommie,Acropora,HB21,T1,2,2,27.3,288,781,631,0.631
Harry's Bommie,Acropora,HB22,T1,2,1,27.3,350,974,640,0.64
Harry's Bommie,Acropora,HB22,T1,2,2,27.3,241,673,641,0.641
Harry's Bommie,Acropora,HB23,T1,2,1,27.3,285,792,640,0.64
Harry's Bommie,Acropora,HB23,T1,2,2,27.3,299,845,646,0.646
Harry's Bommie,Acropora,HB24,T1,2,1,27.3,306,867,647,0.647
Harry's Bommie,Acropora,HB24,T1,2,2,27.3,349,986,646,0.646
Harry's Bommie,Acropora,HB25,T1,2,1,27.3,334,871,616,0.616
Harry's Bommie,Acropora,HB25,T1,2,2,27.3,253,672,623,0.623
Harry's Bommie,Acropora,HB26,T1,2,1,27.3,279,700,601,0.601
Harry's Bommie,Acropora,HB26,T1,2,2,27.3,336,833,596,0.596
Harry's Bommie,Acropora,HB27,T1,2,1,27.3,332,930,643,0.643
Harry's Bommie,Acropora,HB27,T1,2,2,27.3,251,653,615,0.615
Harry's Bommie,Acropora,HB28,T1,2,1,27.3,224,636,647,0.647
Harry's Bommie,Acropora,HB28,T1,2,2,27.3,192,576,666,0.666
Harry's Bommie,Acropora,HB29,T1,2,1,27.3,264,808,673,0.673
Harry's Bommie,Acropora,HB29,T1,2,2,27.3,255,757,663,0.663
Harry's Bommie,Acropora,HB30,T1,2,1,27.3,217,596,635,0.635
Harry's Bommie,Acropora,HB30,T1,2,2,27.3,239,701,659,0.659
Harry's Bommie,Acropora,HBTRIAL10,T2,3,3,33.8,,,652.5,0.6525
Harry's Bommie,Acropora,HBTRIAL11,T2,3,3,31.3,,,649,0.649
Harry's Bommie,Acropora,HBTRIAL12,T2,3,3,31.3,,,606,0.606
Harry's Bommie,Pocillopora,HBTRIAL13,T2,3,3,31.3,,,673,0.673
Harry's Bommie,Pocillopora,HBTRIAL14,T2,3,3,31.3,,,654.5,0.6545
Harry's Bommie,Pocillopora,HBTRIAL15,T2,3,3,31.3,,,676.5,0.6765
Harry's Bommie,Porites,HBTRIAL16,T2,3,3,31.3,,,594.5,0.5945
Harry's Bommie,Porites,HBTRIAL17,T2,3,3,31.3,,,556,0.556
Harry's Bommie,Porites,HBTRIAL18,T2,3,3,31.3,,,560,0.56
Harry's Bommie,Acropora,HBTRIAL19,T2,3,3,31.3,,,629,0.629
Shallow Lagoon,Pocillopora,SL01,T2,3,1,31.3,424,1202,647,0.647
Shallow Lagoon,Pocillopora,SL02,T2,3,1,31.3,380,1053,639,0.639
Shallow Lagoon,Pocillopora,SL03,T2,3,1,31.3,347,1037,665,0.665
Shallow Lagoon,Pocillopora,SL04,T2,3,1,31.3,263,902,708,0.708
Shallow Lagoon,Pocillopora,SL05,T2,3,1,31.3,445,1271,649,0.649
Shallow Lagoon,Pocillopora,SL06,T2,3,1,31.3,350,854,590,0.59
Shallow Lagoon,Pocillopora,SL07,T2,3,1,31.3,298,782,618,0.618
Shallow Lagoon,Pocillopora,SL08,T2,3,1,31.3,373,1050,644,0.644
Shallow Lagoon,Pocillopora,SL09,T2,3,1,31.3,331,912,637,0.637
Shallow Lagoon,Pocillopora,SL10,T2,3,1,31.3,391,1106,646,0.646
Shallow Lagoon,Porites,SL11,T2,3,1,31.3,547,1189,539,0.539
Shallow Lagoon,Porites,SL12,T2,3,1,31.3,574,1442,601,0.601
Shallow Lagoon,Porites,SL13,T2,3,1,31.3,629,1361,537,0.537
Shallow Lagoon,Porites,SL14,T2,3,1,31.3,615,1459,578,0.578
Shallow Lagoon,Porites,SL15,T2,3,1,31.3,582,1330,562,0.562
Shallow Lagoon,Porites,SL16,T2,3,1,31.3,650,1405,537,0.537
Shallow Lagoon,Porites,SL17,T2,3,1,31.3,555,1399,603,0.603
Shallow Lagoon,Porites,SL18,T2,3,1,31.3,504,1122,550,0.55
Shallow Lagoon,Porites,SL19,T2,3,1,31.3,,,,
Shallow Lagoon,Porites,SL20,T2,3,1,31.3,718,1498,520,0.52
Shallow Lagoon,Pocillopora,SL01,T2,3,2,31.3,209,545,616,0.616
Shallow Lagoon,Pocillopora,SL02,T2,3,2,31.3,273,769,644,0.644
Shallow Lagoon,Pocillopora,SL03,T2,3,2,31.3,364,1051,653,0.653
Shallow Lagoon,Pocillopora,SL04,T2,3,2,31.3,418,1180,645,0.645
Shallow Lagoon,Pocillopora,SL05,T2,3,2,31.3,370,980,622,0.622
Shallow Lagoon,Pocillopora,SL06,T2,3,2,31.3,389,1049,629,0.629
Shallow Lagoon,Pocillopora,SL07,T2,3,2,31.3,341,933,634,0.634
Shallow Lagoon,Pocillopora,SL08,T2,3,2,31.3,456,1209,622,0.622
Shallow Lagoon,Pocillopora,SL09,T2,3,2,31.3,325,889,634,0.634
Shallow Lagoon,Pocillopora,SL10,T2,3,2,31.3,378,1080,650,0.65
Shallow Lagoon,Porites,SL11,T2,3,2,31.3,554,1245,555,0.555
Shallow Lagoon,Porites,SL12,T2,3,2,31.3,549,1343,591,0.591
Shallow Lagoon,Porites,SL13,T2,3,2,31.3,713,1525,532,0.532
Shallow Lagoon,Porites,SL14,T2,3,2,31.3,572,1379,585,0.585
Shallow Lagoon,Porites,SL15,T2,3,2,31.3,565,1337,577,0.577
Shallow Lagoon,Porites,SL16,T2,3,2,31.3,607,1425,574,0.574
Shallow Lagoon,Porites,SL17,T2,3,2,31.3,558,1327,579,0.579
Shallow Lagoon,Porites,SL18,T2,3,2,31.3,543,1322,589,0.589
Shallow Lagoon,Porites,SL19,T2,3,2,31.3,,,,
Shallow Lagoon,Porites,SL20,T2,3,2,31.3,723,1625,555,0.555
Deep Lagoon,Pocillopora,DL01,T2,3,1,31.3,335,863,611,0.611
Deep Lagoon,Pocillopora,DL02,T2,3,1,31.3,357,990,639,0.639
Deep Lagoon,Pocillopora,DL03,T2,3,1,31.3,247,682,637,0.637
Deep Lagoon,Pocillopora,DL04,T2,3,1,31.3,302,816,629,0.629
Deep Lagoon,Pocillopora,DL05,T2,3,1,31.3,357,1085,670,0.67
Deep Lagoon,Pocillopora,DL06,T2,3,1,31.3,412,1150,641,0.641
Deep Lagoon,Pocillopora,DL07,T2,3,1,31.3,254,682,627,0.627
Deep Lagoon,Pocillopora,DL08,T2,3,1,31.3,230,613,624,0.624
Deep Lagoon,Pocillopora,DL09,T2,3,1,31.3,275,847,675,0.675
Deep Lagoon,Pocillopora,DL10,T2,3,1,31.3,201,547,632,0.632
Deep Lagoon,Porites,DL11,T2,3,1,31.3,376,1042,639,0.639
Deep Lagoon,Porites,DL12,T2,3,1,31.3,402,1164,654,0.654
Deep Lagoon,Porites,DL13,T2,3,1,31.3,366,975,624,0.624
Deep Lagoon,Porites,DL14,T2,3,1,31.3,542,1345,597,0.597
Deep Lagoon,Porites,DL15,T2,3,1,31.3,429,1171,633,0.633
Deep Lagoon,Porites,DL16,T2,3,1,31.3,407,1019,600,0.6
Deep Lagoon,Porites,DL17,T2,3,1,31.3,408,1124,637,0.637
Deep Lagoon,Porites,DL18,T2,3,1,31.3,323,913,646,0.646
Deep Lagoon,Porites,DL19,T2,3,1,31.3,288,766,624,0.624
Deep Lagoon,Porites,DL20,T2,3,1,31.3,283,703,597,0.597
Reef Flat,Pocillopora,RF01,T2,3,1,31.3,392,1075,635,0.635
Reef Flat,Pocillopora,RF02,T2,3,1,31.3,308,847,647,0.647
Reef Flat,Pocillopora,RF03,T2,3,1,31.3,294,875,664,0.664
Reef Flat,Pocillopora,RF04,T2,3,1,31.3,243,704,654,0.654
Reef Flat,Pocillopora,RF05,T2,3,1,31.3,381,1051,637,0.637
Reef Flat,Pocillopora,RF06,T2,3,1,31.3,432,1255,655,0.655
Reef Flat,Pocillopora,RF07,T2,3,1,31.3,248,716,653,0.653
Reef Flat,Pocillopora,RF08,T2,3,1,31.3,314,905,653,0.653
Reef Flat,Pocillopora,RF09,T2,3,1,31.3,296,862,656,0.656
Reef Flat,Pocillopora,RF10,T2,3,1,31.3,311,812,616,0.616
Reef Flat,Porites,RF11,T2,3,1,31.3,494,1229,598,0.598
Reef Flat,Porites,RF12,T2,3,1,31.3,384,922,583,0.583
Reef Flat,Porites,RF13,T2,3,1,31.3,600,1518,604,0.604
Reef Flat,Porites,RF14,T2,3,1,31.3,262,568,538,0.538
Reef Flat,Porites,RF15,T2,3,1,31.3,442,1144,613,0.613
Reef Flat,Porites,RF16,T2,3,1,31.3,346,843,589,0.589
Reef Flat,Acropora,RF21,T2,3,1,31.3,390,1079,638,0.638
Reef Flat,Acropora,RF22,T2,3,1,31.3,415,1213,657,0.657
Reef Flat,Acropora,RF23,T2,3,1,31.3,403,1107,635,0.635
Reef Flat,Acropora,RF24,T2,3,1,31.3,406,1063,618,0.618
Reef Flat,Acropora,RF25,T2,3,1,31.3,368,980,624,0.624
Reef Flat,Acropora,RF26,T2,3,1,31.3,223,643,653,0.653
Reef Flat,Acropora,RF27,T2,3,1,31.3,283,798,645,0.645
Reef Flat,Acropora,RF28,T2,3,1,31.3,333,883,622,0.622
Reef Flat,Acropora,RF29,T2,3,1,31.3,331,969,658,0.658
Reef Flat,Acropora,RF30,T2,3,1,31.3,303,853,644,0.644
Reef Flat,Pocillopora,RF01,T2,3,2,31.3,235,654,640,0.64
Reef Flat,Pocillopora,RF02,T2,3,2,31.3,260,770,662,0.662
Reef Flat,Pocillopora,RF03,T2,3,2,31.3,349,938,627,0.627
Reef Flat,Pocillopora,RF04,T2,3,2,31.3,291,822,645,0.645
Reef Flat,Pocillopora,RF05,T2,3,2,31.3,308,883,651,0.651
Reef Flat,Pocillopora,RF06,T2,3,2,31.3,317,868,634,0.634
Reef Flat,Pocillopora,RF07,T2,3,2,31.3,199,547,636,0.636
Reef Flat,Pocillopora,RF08,T2,3,2,31.3,309,879,648,0.648
Reef Flat,Pocillopora,RF09,T2,3,2,31.3,272,736,630,0.63
Reef Flat,Pocillopora,RF10,T2,3,2,31.3,376,1097,657,0.657
Reef Flat,Porites,RF11,T2,3,2,31.3,598,1306,542,0.542
Reef Flat,Porites,RF12,T2,3,2,31.3,538,1290,582,0.582
Reef Flat,Porites,RF13,T2,3,2,31.3,610,1506,594,0.594
Reef Flat,Porites,RF14,T2,3,2,31.3,412,1020,596,0.596
Reef Flat,Porites,RF15,T2,3,2,31.3,,,,
Reef Flat,Porites,RF16,T2,3,2,31.3,265,625,576,0.576
Reef Flat,Acropora,RF21,T2,3,2,31.3,368,982,625,0.625
Reef Flat,Acropora,RF22,T2,3,2,31.3,333,943,646,0.646
Reef Flat,Acropora,RF23,T2,3,2,31.3,322,932,654,0.654
Reef Flat,Acropora,RF24,T2,3,2,31.3,305,1130,730,0.73
Reef Flat,Acropora,RF25,T2,3,2,31.3,386,1149,664,0.664
Reef Flat,Acropora,RF26,T2,3,2,31.3,259,761,659,0.659
Reef Flat,Acropora,RF27,T2,3,2,31.3,277,837,669,0.669
Reef Flat,Acropora,RF28,T2,3,2,31.3,196,552,644,0.644
Reef Flat,Acropora,RF29,T2,3,2,31.3,328,954,656,0.656
Reef Flat,Acropora,RF30,T2,3,2,31.3,297,886,664,0.664
Fourth Point,Pocillopora,FP01,T2,3,1,31.3,343,1060,676,0.676
Fourth Point,Pocillopora,FP01,T2,3,2,31.3,345,1017,660,0.66
Fourth Point,Pocillopora,FP02,T2,3,1,31.3,275,796,654,0.654
Fourth Point,Pocillopora,FP02,T2,3,2,31.3,290,842,655,0.655
Fourth Point,Pocillopora,FP03,T2,3,1,31.3,229,662,654,0.654
Fourth Point,Pocillopora,FP03,T2,3,2,31.3,247,771,679,0.679
Fourth Point,Pocillopora,FP04,T2,3,1,31.3,333,1045,681,0.681
Fourth Point,Pocillopora,FP04,T2,3,2,31.3,329,994,669,0.669
Fourth Point,Pocillopora,FP05,T2,3,1,31.3,349,1080,676,0.676
Fourth Point,Pocillopora,FP05,T2,3,2,31.3,341,1086,686,0.686
Fourth Point,Pocillopora,FP06,T2,3,1,31.3,338,889,619,0.619
Fourth Point,Pocillopora,FP06,T2,3,2,31.3,267,723,630,0.63
Fourth Point,Pocillopora,FP07,T2,3,1,31.3,320,967,669,0.669
Fourth Point,Pocillopora,FP07,T2,3,2,31.3,233,698,666,0.666
Fourth Point,Pocillopora,FP08,T2,3,1,31.3,158,429,631,0.631
Fourth Point,Pocillopora,FP08,T2,3,2,31.3,192,540,644,0.644
Fourth Point,Pocillopora,FP09,T2,3,1,31.3,348,994,649,0.649
Fourth Point,Pocillopora,FP09,T2,3,2,31.3,161,457,647,0.647
Fourth Point,Pocillopora,FP10,T2,3,1,31.3,274,797,656,0.656
Fourth Point,Pocillopora,FP10,T2,3,2,31.3,228,669,659,0.659
Fourth Point,Porites,FP11,T2,3,1,31.3,426,1058,597,0.597
Fourth Point,Porites,FP11,T2,3,2,31.3,,,,
Fourth Point,Porites,FP12,T2,3,1,31.3,476,1142,583,0.583
Fourth Point,Porites,FP12,T2,3,2,31.3,515,1262,591,0.591
Fourth Point,Porites,FP13,T2,3,1,31.3,430,1173,633,0.633
Fourth Point,Porites,FP13,T2,3,2,31.3,431,1099,607,0.607
Fourth Point,Porites,FP14,T2,3,1,31.3,270,705,617,0.617
Fourth Point,Porites,FP14,T2,3,2,31.3,283,722,608,0.608
Fourth Point,Porites,FP15,T2,3,1,31.3,478,1185,596,0.596
Fourth Point,Porites,FP15,T2,3,2,31.3,488,1267,614,0.614
Fourth Point,Acropora,FP21,T2,3,1,31.3,261,655,601,0.601
Fourth Point,Acropora,FP21,T2,3,2,31.3,243,731,667,0.667
Fourth Point,Acropora,FP22,T2,3,1,31.3,387,1060,634,0.634
Fourth Point,Acropora,FP22,T2,3,2,31.3,289,799,638,0.638
Fourth Point,Acropora,FP23,T2,3,1,31.3,193,559,654,0.654
Fourth Point,Acropora,FP23,T2,3,2,31.3,195,558,650,0.65
Fourth Point,Acropora,FP24,T2,3,1,31.3,363,884,589,0.589
Fourth Point,Acropora,FP24,T2,3,2,31.3,243,588,586,0.586
Fourth Point,Acropora,FP25,T2,3,1,31.3,342,920,628,0.628
Fourth Point,Acropora,FP25,T2,3,2,31.3,315,845,627,0.627
Fourth Point,Acropora,FP26,T2,3,1,31.3,346,964,641,0.641
Fourth Point,Acropora,FP26,T2,3,2,31.3,315,836,623,0.623
Fourth Point,Acropora,FP27,T2,3,1,31.3,221,671,670,0.67
Fourth Point,Acropora,FP27,T2,3,2,31.3,205,586,650,0.65
Fourth Point,Acropora,FP28,T2,3,1,31.3,279,865,677,0.677
Fourth Point,Acropora,FP28,T2,3,2,31.3,221,620,643,0.643
Fourth Point,Acropora,FP29,T2,3,1,31.3,374,1043,641,0.641
Fourth Point,Acropora,FP29,T2,3,2,31.3,307,875,649,0.649
Fourth Point,Acropora,FP30,T2,3,1,31.3,314,788,601,0.601
Fourth Point,Acropora,FP30,T2,3,2,31.3,326,985,669,0.669
Reef Crest,Pocillopora,RC01,T2,3,1,31.3,352,1048,664,0.664
Reef Crest,Pocillopora,RC01,T2,3,2,31.3,261,761,657,0.657
Reef Crest,Pocillopora,RC02,T2,3,1,31.3,348,961,637,0.637
Reef Crest,Pocillopora,RC02,T2,3,2,31.3,337,993,660,0.66
Reef Crest,Pocillopora,RC03,T2,3,1,31.3,343,978,649,0.649
Reef Crest,Pocillopora,RC03,T2,3,2,31.3,354,1030,656,0.656
Reef Crest,Pocillopora,RC04,T2,3,1,31.3,397,1113,643,0.643
Reef Crest,Pocillopora,RC04,T2,3,2,31.3,296,793,626,0.626
Reef Crest,Pocillopora,RC05,T2,3,1,31.3,237,677,649,0.649
Reef Crest,Pocillopora,RC05,T2,3,2,31.3,438,1269,654,0.654
Reef Crest,Pocillopora,RC06,T2,3,1,31.3,414,1251,669,0.669
Reef Crest,Pocillopora,RC06,T2,3,2,31.3,369,1118,669,0.669
Reef Crest,Pocillopora,RC07,T2,3,1,31.3,368,1035,644,0.644
Reef Crest,Pocillopora,RC07,T2,3,2,31.3,384,1069,640,0.64
Reef Crest,Pocillopora,RC08,T2,3,1,31.3,328,934,648,0.648
Reef Crest,Pocillopora,RC08,T2,3,2,31.3,311,856,636,0.636
Reef Crest,Pocillopora,RC09,T2,3,1,31.3,376,1086,653,0.653
Reef Crest,Pocillopora,RC09,T2,3,2,31.3,403,1038,611,0.611
Reef Crest,Pocillopora,RC10,T2,3,1,31.3,326,949,656,0.656
Reef Crest,Pocillopora,RC10,T2,3,2,31.3,398,1177,661,0.661
Reef Crest,Porites,RC11,T2,3,1,31.3,346,870,602,0.602
Reef Crest,Porites,RC11,T2,3,2,31.3,297,758,608,0.608
Reef Crest,Porites,RC12,T2,3,1,31.3,363,986,631,0.631
Reef Crest,Porites,RC12,T2,3,2,31.3,401,1103,636,0.636
Reef Crest,Porites,RC13,T2,3,1,31.3,417,1013,588,0.588
Reef Crest,Porites,RC13,T2,3,2,31.3,359,988,636,0.636
Reef Crest,Porites,RC14,T2,3,1,31.3,412,1020,596,0.596
Reef Crest,Porites,RC14,T2,3,2,31.3,360,950,621,0.621
Reef Crest,Porites,RC15,T2,3,1,31.3,608,1469,586,0.586
Reef Crest,Porites,RC15,T2,3,2,31.3,547,1343,592,0.592
Reef Crest,Porites,RC16,T2,3,1,31.3,374,838,553,0.553
Reef Crest,Porites,RC16,T2,3,2,31.3,447,1148,610,0.61
Reef Crest,Porites,RC17,T2,3,1,31.3,398,1102,638,0.638
Reef Crest,Porites,RC17,T2,3,2,31.3,442,1207,633,0.633
Reef Crest,Porites,RC18,T2,3,1,31.3,491,1238,603,0.603
Reef Crest,Porites,RC18,T2,3,2,31.3,485,1224,603,0.603
Reef Crest,Porites,RC19,T2,3,1,31.3,415,1067,611,0.611
Reef Crest,Porites,RC19,T2,3,2,31.3,566,1339,577,0.577
Reef Crest,Porites,RC20,T2,3,1,31.3,429,1119,616,0.616
Reef Crest,Porites,RC20,T2,3,2,31.3,373,937,601,0.601
Reef Crest,Acropora,RC21,T2,3,1,31.3,441,1205,634,0.634
Reef Crest,Acropora,RC21,T2,3,2,31.3,438,1250,649,0.649
Reef Crest,Acropora,RC22,T2,3,1,31.3,415,1237,664,0.664
Reef Crest,Acropora,RC22,T2,3,2,31.3,335,992,662,0.662
Reef Crest,Acropora,RC23,T2,3,1,31.3,464,1312,646,0.646
Reef Crest,Acropora,RC23,T2,3,2,31.3,378,966,608,0.608
Reef Crest,Acropora,RC24,T2,3,1,31.3,387,1171,669,0.669
Reef Crest,Acropora,RC24,T2,3,2,31.3,389,1093,644,0.644
Reef Crest,Acropora,RC25,T2,3,1,31.3,422,1128,625,0.625
Reef Crest,Acropora,RC25,T2,3,2,31.3,430,1148,625,0.625
Reef Crest,Acropora,RC26,T2,3,1,31.3,361,914,605,0.605
Reef Crest,Acropora,RC26,T2,3,2,31.3,349,952,633,0.633
Reef Crest,Acropora,RC27,T2,3,1,31.3,394,1071,632,0.632
Reef Crest,Acropora,RC27,T2,3,2,31.3,369,1027,640,0.64
Reef Crest,Acropora,RC28,T2,3,1,31.3,394,1136,653,0.653
Reef Crest,Acropora,RC28,T2,3,2,31.3,280,725,613,0.613
Reef Crest,Acropora,RC29,T2,3,1,31.3,443,1239,642,0.642
Reef Crest,Acropora,RC29,T2,3,2,31.3,344,1011,659,0.659
Reef Crest,Acropora,RC30,T2,3,1,31.3,363,1004,638,0.638
Reef Crest,Acropora,RC30,T2,3,2,31.3,483,1333,637,0.637
Harry's Bommie,Acropora,HBTRIAL20,T3,4,3,33.8,,,614,0.614
Harry's Bommie,Acropora,HBTRIAL21,T3,4,3,33.8,,,592.5,0.5925
Harry's Bommie,Pocillopora,HBTRIAL22,T3,4,3,33.8,,,647,0.647
Harry's Bommie,Pocillopora,HBTRIAL23,T3,4,3,33.8,,,633.5,0.6335
Harry's Bommie,Pocillopora,HBTRIAL24,T3,4,3,33.8,,,663,0.663
Harry's Bommie,Porites,HBTRIAL25,T3,4,3,33.8,,,540,0.54
Harry's Bommie,Porites,HBTRIAL26,T3,4,3,33.8,,,551,0.551
Harry's Bommie,Porites,HBTRIAL27,T3,4,3,33.8,,,542.5,0.5425
Shallow Lagoon,Pocillopora,SL01,T3,4,1,33.8,354,1014,650,0.65
Shallow Lagoon,Pocillopora,SL02,T3,4,1,33.8,244,656,628,0.628
Shallow Lagoon,Pocillopora,SL03,T3,4,1,33.8,482,1355,644,0.644
Shallow Lagoon,Pocillopora,SL04,T3,4,1,33.8,401,1089,631,0.631
Shallow Lagoon,Pocillopora,SL05,T3,4,1,33.8,316,798,604,0.604
Shallow Lagoon,Pocillopora,SL06,T3,4,1,33.8,318,835,619,0.619
Shallow Lagoon,Pocillopora,SL07,T3,4,1,33.8,419,1109,622,0.622
Shallow Lagoon,Pocillopora,SL08,T3,4,1,33.8,346,951,636,0.636
Shallow Lagoon,Pocillopora,SL09,T3,4,1,33.8,244,656,628,0.628
Shallow Lagoon,Pocillopora,SL10,T3,4,1,33.8,462,1266,623,0.623
Shallow Lagoon,Porites,SL11,T3,4,1,33.8,639,1386,538,0.538
Shallow Lagoon,Porites,SL12,T3,4,1,33.8,598,1419,578,0.578
Shallow Lagoon,Porites,SL13,T3,4,1,33.8,735,1615,544,0.544
Shallow Lagoon,Porites,SL14,T3,4,1,33.8,675,1495,548,0.548
Shallow Lagoon,Porites,SL15,T3,4,1,33.8,608,1354,550,0.55
Shallow Lagoon,Porites,SL16,T3,4,1,33.8,518,1108,532,0.532
Shallow Lagoon,Porites,SL17,T3,4,1,33.8,667,1557,571,0.571
Shallow Lagoon,Porites,SL18,T3,4,1,33.8,542,1246,565,0.565
Shallow Lagoon,Porites,SL19,T3,4,1,33.8,791,1619,511,0.511
Shallow Lagoon,Porites,SL20,T3,4,1,33.8,783,1648,524,0.524
Shallow Lagoon,Pocillopora,SL01,T3,4,2,33.8,281,864,674,0.674
Shallow Lagoon,Pocillopora,SL02,T3,4,2,33.8,231,638,637,0.637
Shallow Lagoon,Pocillopora,SL03,T3,4,2,33.8,313,866,638,0.638
Shallow Lagoon,Pocillopora,SL04,T3,4,2,33.8,349,918,619,0.619
Shallow Lagoon,Pocillopora,SL05,T3,4,2,33.8,302,801,622,0.622
Shallow Lagoon,Pocillopora,SL06,T3,4,2,33.8,297,786,622,0.622
Shallow Lagoon,Pocillopora,SL07,T3,4,2,33.8,318,859,629,0.629
Shallow Lagoon,Pocillopora,SL08,T3,4,2,33.8,329,930,646,0.646
Shallow Lagoon,Pocillopora,SL09,T3,4,2,33.8,392,1065,631,0.631
Shallow Lagoon,Pocillopora,SL10,T3,4,2,33.8,344,898,616,0.616
Shallow Lagoon,Porites,SL11,T3,4,2,33.8,651,1419,541,0.541
Shallow Lagoon,Porites,SL12,T3,4,2,33.8,628,1525,588,0.588
Shallow Lagoon,Porites,SL13,T3,4,2,33.8,792,1698,533,0.533
Shallow Lagoon,Porites,SL14,T3,4,2,33.8,570,1240,540,0.54
Shallow Lagoon,Porites,SL15,T3,4,2,33.8,449,1000,551,0.551
Shallow Lagoon,Porites,SL16,T3,4,2,33.8,669,1389,518,0.518
Shallow Lagoon,Porites,SL17,T3,4,2,33.8,632,1469,569,0.569
Shallow Lagoon,Porites,SL18,T3,4,2,33.8,544,1324,589,0.589
Shallow Lagoon,Porites,SL19,T3,4,2,33.8,679,1553,562,0.562
Shallow Lagoon,Porites,SL20,T3,4,2,33.8,,,,
Deep Lagoon,Pocillopora,DL01,T3,4,1,33.8,345,946,635,0.635
Deep Lagoon,Pocillopora,DL02,T3,4,1,33.8,251,713,647,0.647
Deep Lagoon,Pocillopora,DL03,T3,4,1,33.8,310,834,628,0.628
Deep Lagoon,Pocillopora,DL04,T3,4,1,33.8,275,808,659,0.659
Deep Lagoon,Pocillopora,DL05,T3,4,1,33.8,299,818,634,0.634
Deep Lagoon,Pocillopora,DL06,T3,4,1,33.8,390,1078,638,0.638
Deep Lagoon,Pocillopora,DL07,T3,4,1,33.8,274,733,626,0.626
Deep Lagoon,Pocillopora,DL08,T3,4,1,33.8,247,627,606,0.606
Deep Lagoon,Pocillopora,DL09,T3,4,1,33.8,287,832,655,0.655
Deep Lagoon,Pocillopora,DL10,T3,4,1,33.8,147,408,639,0.639
Deep Lagoon,Porites,DL11,T3,4,1,33.8,297,827,640,0.64
Deep Lagoon,Porites,DL12,T3,4,1,33.8,411,1219,662,0.662
Deep Lagoon,Porites,DL13,T3,4,1,33.8,301,836,639,0.639
Deep Lagoon,Porites,DL14,T3,4,1,33.8,604,1426,576,0.576
Deep Lagoon,Porites,DL15,T3,4,1,33.8,306,855,642,0.642
Deep Lagoon,Porites,DL16,T3,4,1,33.8,360,993,637,0.637
Deep Lagoon,Porites,DL17,T3,4,1,33.8,456,1172,610,0.61
Deep Lagoon,Porites,DL18,T3,4,1,33.8,261,631,586,0.586
Deep Lagoon,Porites,DL19,T3,4,1,33.8,369,924,600,0.6
Deep Lagoon,Porites,DL20,T3,4,1,33.8,376,893,578,0.578
Reef Flat,Pocillopora,RF01,T3,4,1,33.8,353,918,615,0.615
Reef Flat,Pocillopora,RF02,T3,4,1,33.8,282,763,630,0.63
Reef Flat,Pocillopora,RF03,T3,4,1,33.8,356,898,603,0.603
Reef Flat,Pocillopora,RF04,T3,4,1,33.8,271,741,634,0.634
Reef Flat,Pocillopora,RF05,T3,4,1,33.8,259,699,629,0.629
Reef Flat,Pocillopora,RF06,T3,4,1,33.8,312,845,630,0.63
Reef Flat,Pocillopora,RF07,T3,4,1,33.8,338,921,633,0.633
Reef Flat,Pocillopora,RF08,T3,4,1,33.8,268,723,629,0.629
Reef Flat,Pocillopora,RF09,T3,4,1,33.8,292,793,631,0.631
Reef Flat,Pocillopora,RF10,T3,4,1,33.8,343,936,633,0.633
Reef Flat,Porites,RF11,T3,4,1,33.8,615,1062,420,0.42
Reef Flat,Porites,RF12,T3,4,1,33.8,600,1165,484,0.484
Reef Flat,Porites,RF13,T3,4,1,33.8,596,1379,567,0.567
Reef Flat,Porites,RF14,T3,4,1,33.8,497,1082,540,0.54
Reef Flat,Porites,RF15,T3,4,1,33.8,598,1187,496,0.496
Reef Flat,Porites,RF16,T3,4,1,33.8,433,1105,608,0.608
Reef Flat,Acropora,RF21,T3,4,1,33.8,350,987,645,0.645
Reef Flat,Acropora,RF22,T3,4,1,33.8,437,1084,596,0.596
Reef Flat,Acropora,RF23,T3,4,1,33.8,245,642,618,0.618
Reef Flat,Acropora,RF24,T3,4,1,33.8,380,979,611,0.611
Reef Flat,Acropora,RF25,T3,4,1,33.8,285,750,620,0.62
Reef Flat,Acropora,RF26,T3,4,1,33.8,276,737,625,0.625
Reef Flat,Acropora,RF27,T3,4,1,33.8,288,816,647,0.647
Reef Flat,Acropora,RF28,T3,4,1,33.8,322,861,626,0.626
Reef Flat,Acropora,RF29,T3,4,1,33.8,291,772,623,0.623
Reef Flat,Acropora,RF30,T3,4,1,33.8,265,748,645,0.645
Reef Flat,Pocillopora,RF01,T3,4,2,33.8,334,927,639,0.639
Reef Flat,Pocillopora,RF02,T3,4,2,33.8,141,405,651,0.651
Reef Flat,Pocillopora,RF03,T3,4,2,33.8,287,799,640,0.64
Reef Flat,Pocillopora,RF04,T3,4,2,33.8,283,789,641,0.641
Reef Flat,Pocillopora,RF05,T3,4,2,33.8,240,651,631,0.631
Reef Flat,Pocillopora,RF06,T3,4,2,33.8,301,836,639,0.639
Reef Flat,Pocillopora,RF07,T3,4,2,33.8,308,848,636,0.636
Reef Flat,Pocillopora,RF08,T3,4,2,33.8,380,1069,644,0.644
Reef Flat,Pocillopora,RF09,T3,4,2,33.8,299,833,641,0.641
Reef Flat,Pocillopora,RF10,T3,4,2,33.8,320,890,640,0.64
Reef Flat,Porites,RF11,T3,4,2,33.8,587,1117,474,0.474
Reef Flat,Porites,RF12,T3,4,2,33.8,566,1167,514,0.514
Reef Flat,Porites,RF13,T3,4,2,33.8,600,1437,582,0.582
Reef Flat,Porites,RF14,T3,4,2,33.8,299,680,560,0.56
Reef Flat,Porites,RF15,T3,4,2,33.8,490,892,450,0.45
Reef Flat,Porites,RF16,T3,4,2,33.8,445,1088,590,0.59
Reef Flat,Acropora,RF21,T3,4,2,33.8,340,889,617,0.617
Reef Flat,Acropora,RF22,T3,4,2,33.8,300,764,607,0.607
Reef Flat,Acropora,RF23,T3,4,2,33.8,429,1124,618,0.618
Reef Flat,Acropora,RF24,T3,4,2,33.8,282,811,652,0.652
Reef Flat,Acropora,RF25,T3,4,2,33.8,358,971,631,0.631
Reef Flat,Acropora,RF26,T3,4,2,33.8,145,364,601,0.601
Reef Flat,Acropora,RF27,T3,4,2,33.8,252,683,631,0.631
Reef Flat,Acropora,RF28,T3,4,2,33.8,297,829,641,0.641
Reef Flat,Acropora,RF29,T3,4,2,33.8,305,832,633,0.633
Reef Flat,Acropora,RF30,T3,4,2,33.8,290,852,659,0.659
Fourth Point,Pocillopora,FP01,T3,4,1,33.8,316,891,645,0.645
Fourth Point,Pocillopora,FP01,T3,4,2,33.8,241,704,657,0.657
Fourth Point,Pocillopora,FP02,T3,4,1,33.8,187,420,554,0.554
Fourth Point,Pocillopora,FP02,T3,4,2,33.8,181,487,628,0.628
Fourth Point,Pocillopora,FP03,T3,4,1,33.8,226,629,640,0.64
Fourth Point,Pocillopora,FP03,T3,4,2,33.8,150,412,635,0.635
Fourth Point,Pocillopora,FP04,T3,4,1,33.8,165,481,656,0.656
Fourth Point,Pocillopora,FP04,T3,4,2,33.8,276,835,669,0.669
Fourth Point,Pocillopora,FP05,T3,4,1,33.8,144,369,609,0.609
Fourth Point,Pocillopora,FP05,T3,4,2,33.8,133,371,641,0.641
Fourth Point,Pocillopora,FP06,T3,4,1,33.8,285,739,614,0.614
Fourth Point,Pocillopora,FP06,T3,4,2,33.8,171,469,635,0.635
Fourth Point,Pocillopora,FP07,T3,4,1,33.8,305,817,626,0.626
Fourth Point,Pocillopora,FP07,T3,4,2,33.8,214,626,658,0.658
Fourth Point,Pocillopora,FP08,T3,4,1,33.8,276,747,630,0.63
Fourth Point,Pocillopora,FP08,T3,4,2,33.8,126,337,626,0
Fourth Point,Pocillopora,FP09,T3,4,1,33.8,150,412,635,0.635
Fourth Point,Pocillopora,FP09,T3,4,2,33.8,213,605,647,0.647
Fourth Point,Pocillopora,FP10,T3,4,1,33.8,259,764,660,0.66
Fourth Point,Pocillopora,FP10,T3,4,2,33.8,147,444,668,0.668
Fourth Point,Porites,FP11,T3,4,1,33.8,477,1244,616,0.616
Fourth Point,Porites,FP11,T3,4,2,33.8,444,1188,626,0.626
Fourth Point,Porites,FP12,T3,4,1,33.8,492,1186,585,0.585
Fourth Point,Porites,FP12,T3,4,2,33.8,462,1037,554,0.554
Fourth Point,Porites,FP13,T3,4,1,33.8,309,685,548,0.548
Fourth Point,Porites,FP13,T3,4,2,33.8,389,876,555,0.555
Fourth Point,Porites,FP14,T3,4,1,33.8,277,658,579,0.579
Fourth Point,Porites,FP14,T3,4,2,33.8,309,746,585,0.585
Fourth Point,Porites,FP15,T3,4,1,33.8,422,1026,588,0.588
Fourth Point,Porites,FP15,T3,4,2,33.8,448,1150,610,0.61
Fourth Point,Acropora,FP21,T3,4,1,33.8,256,665,615,0.615
Fourth Point,Acropora,FP21,T3,4,2,33.8,210,533,606,0.606
Fourth Point,Acropora,FP22,T3,4,1,33.8,236,587,597,0.597
Fourth Point,Acropora,FP22,T3,4,2,33.8,304,800,620,0.62
Fourth Point,Acropora,FP23,T3,4,1,33.8,158,473,665,0.665
Fourth Point,Acropora,FP23,T3,4,2,33.8,137,388,646,0.646
Fourth Point,Acropora,FP24,T3,4,1,33.8,271,604,551,0.551
Fourth Point,Acropora,FP24,T3,4,2,33.8,258,609,576,0.576
Fourth Point,Acropora,FP25,T3,4,1,33.8,291,645,548,0.548
Fourth Point,Acropora,FP25,T3,4,2,33.8,238,547,564,0.564
Fourth Point,Acropora,FP26,T3,4,1,33.8,348,890,608,0.608
Fourth Point,Acropora,FP26,T3,4,2,33.8,167,337,504,0.504
Fourth Point,Acropora,FP27,T3,4,1,33.8,176,512,656,0.656
Fourth Point,Acropora,FP27,T3,4,2,33.8,217,556,609,0.609
Fourth Point,Acropora,FP28,T3,4,1,33.8,278,755,631,0.631
Fourth Point,Acropora,FP28,T3,4,2,33.8,269,709,620,0.62
Fourth Point,Acropora,FP29,T3,4,1,33.8,261,728,641,0.641
Fourth Point,Acropora,FP29,T3,4,2,33.8,236,571,586,0.586
Fourth Point,Acropora,FP30,T3,4,1,33.8,222,562,604,0.604
Fourth Point,Acropora,FP30,T3,4,2,33.8,308,820,624,0.624
Reef Crest,Pocillopora,RC01,T3,4,1,33.8,239,633,622,0.622
Reef Crest,Pocillopora,RC01,T3,4,2,33.8,273,754,637,0.637
Reef Crest,Pocillopora,RC02,T3,4,1,33.8,348,896,611,0.611
Reef Crest,Pocillopora,RC02,T3,4,2,33.8,287,771,627,0.627
Reef Crest,Pocillopora,RC03,T3,4,1,33.8,263,722,635,0.635
Reef Crest,Pocillopora,RC03,T3,4,2,33.8,277,763,636,0.636
Reef Crest,Pocillopora,RC04,T3,4,1,33.8,297,781,619,0.619
Reef Crest,Pocillopora,RC04,T3,4,2,33.8,296,831,643,0.643
Reef Crest,Pocillopora,RC05,T3,4,1,33.8,257,683,623,0.623
Reef Crest,Pocillopora,RC05,T3,4,2,33.8,306,899,659,0.659
Reef Crest,Pocillopora,RC06,T3,4,1,33.8,350,980,642,0.642
Reef Crest,Pocillopora,RC06,T3,4,2,33.8,381,1092,651,0.651
Reef Crest,Pocillopora,RC07,T3,4,1,33.8,217,627,653,0.653
Reef Crest,Pocillopora,RC07,T3,4,2,33.8,306,844,637,0.637
Reef Crest,Pocillopora,RC08,T3,4,1,33.8,325,893,636,0.636
Reef Crest,Pocillopora,RC08,T3,4,2,33.8,299,853,649,0.649
Reef Crest,Pocillopora,RC09,T3,4,1,33.8,341,903,622,0.622
Reef Crest,Pocillopora,RC09,T3,4,2,33.8,305,829,632,0.632
Reef Crest,Pocillopora,RC10,T3,4,1,33.8,381,1166,673,0.673
Reef Crest,Pocillopora,RC10,T3,4,2,33.8,343,933,632,0.632
Reef Crest,Porites,RC11,T3,4,1,33.8,239,568,579,0.579
Reef Crest,Porites,RC11,T3,4,2,33.8,246,648,620,0.62
Reef Crest,Porites,RC12,T3,4,1,33.8,435,930,532,0.532
Reef Crest,Porites,RC12,T3,4,2,33.8,369,948,610,0.61
Reef Crest,Porites,RC13,T3,4,1,33.8,403,982,589,0.589
Reef Crest,Porites,RC13,T3,4,2,33.8,435,1109,607,0.607
Reef Crest,Porites,RC14,T3,4,1,33.8,377,940,598,0.598
Reef Crest,Porites,RC14,T3,4,2,33.8,405,976,585,0.585
Reef Crest,Porites,RC15,T3,4,1,33.8,501,1262,603,0.603
Reef Crest,Porites,RC15,T3,4,2,33.8,485,1122,567,0.567
Reef Crest,Porites,RC16,T3,4,1,33.8,334,876,618,0.618
Reef Crest,Porites,RC16,T3,4,2,33.8,339,884,616,0.616
Reef Crest,Porites,RC17,T3,4,1,33.8,385,988,610,0.61
Reef Crest,Porites,RC17,T3,4,2,33.8,377,966,609,0.609
Reef Crest,Porites,RC18,T3,4,1,33.8,390,861,547,0.547
Reef Crest,Porites,RC18,T3,4,2,33.8,349,841,585,0.585
Reef Crest,Porites,RC19,T3,4,1,33.8,434,1160,625,0.625
Reef Crest,Porites,RC19,T3,4,2,33.8,386,1004,615,0.615
Reef Crest,Porites,RC20,T3,4,1,33.8,393,981,599,0.599
Reef Crest,Porites,RC20,T3,4,2,33.8,241,649,628,0.628
Reef Crest,Acropora,RC21,T3,4,1,33.8,332,1093,696,0.696
Reef Crest,Acropora,RC21,T3,4,2,33.8,292,799,634,0.634
Reef Crest,Acropora,RC22,T3,4,1,33.8,339,1007,663,0.663
Reef Crest,Acropora,RC22,T3,4,2,33.8,346,999,653,0.653
Reef Crest,Acropora,RC23,T3,4,1,33.8,370,1026,639,0.639
Reef Crest,Acropora,RC23,T3,4,2,33.8,381,1057,639,0.639
Reef Crest,Acropora,RC24,T3,4,1,33.8,397,1021,611,0.611
Reef Crest,Acropora,RC24,T3,4,2,33.8,294,813,638,0.638
Reef Crest,Acropora,RC25,T3,4,1,33.8,430,1146,624,0.624
Reef Crest,Acropora,RC25,T3,4,2,33.8,381,1052,637,0.637
Reef Crest,Acropora,RC26,T3,4,1,33.8,309,837,630,0.63
Reef Crest,Acropora,RC26,T3,4,2,33.8,278,736,622,0.622
Reef Crest,Acropora,RC27,T3,4,1,33.8,411,1155,644,0.644
Reef Crest,Acropora,RC27,T3,4,2,33.8,355,911,610,0.61
Reef Crest,Acropora,RC28,T3,4,1,33.8,361,1031,649,0.649
Reef Crest,Acropora,RC28,T3,4,2,33.8,291,750,612,0.612
Reef Crest,Acropora,RC29,T3,4,1,33.8,348,807,568,0.568
Reef Crest,Acropora,RC29,T3,4,2,33.8,429,1132,621,0.621
Reef Crest,Acropora,RC30,T3,4,1,33.8,403,1042,613,0.613
Reef Crest,Acropora,RC30,T3,4,2,33.8,388,1063,634,0.634
Harry's Bommie,Pocillopora,HB01,T3,4,1,33.8,271,761,643,0.643
Harry's Bommie,Pocillopora,HB01,T3,4,2,33.8,149,462,677,0.677
Harry's Bommie,Pocillopora,HB02,T3,4,1,33.8,327,910,640,0.64
Harry's Bommie,Pocillopora,HB02,T3,4,2,33.8,194,546,644,0.644
Harry's Bommie,Pocillopora,HB03,T3,4,1,33.8,217,591,632,0.632
Harry's Bommie,Pocillopora,HB03,T3,4,2,33.8,94,273,655,0
Harry's Bommie,Pocillopora,HB04,T3,4,1,33.8,331,799,585,0.585
Harry's Bommie,Pocillopora,HB04,T3,4,2,33.8,281,787,642,0.642
Harry's Bommie,Pocillopora,HB05,T3,4,1,33.8,266,735,638,0.638
Harry's Bommie,Pocillopora,HB05,T3,4,2,33.8,257,685,624,0.624
Harry's Bommie,Pocillopora,HB06,T3,4,1,33.8,200,550,636,0.636
Harry's Bommie,Pocillopora,HB06,T3,4,2,33.8,277,775,642,0.642
Harry's Bommie,Pocillopora,HB07,T3,4,1,33.8,234,626,626,0.626
Harry's Bommie,Pocillopora,HB07,T3,4,2,33.8,136,397,657,0.657
Harry's Bommie,Pocillopora,HB08,T3,4,1,33.8,249,671,628,0.628
Harry's Bommie,Pocillopora,HB08,T3,4,2,33.8,284,749,620,0.62
Harry's Bommie,Pocillopora,HB09,T3,4,1,33.8,306,803,618,0.618
Harry's Bommie,Pocillopora,HB09,T3,4,2,33.8,268,734,634,0.634
Harry's Bommie,Pocillopora,HB10,T3,4,1,33.8,187,443,577,0.577
Harry's Bommie,Pocillopora,HB10,T3,4,2,33.8,162,468,653,0.653
Harry's Bommie,Porites,HB11,T3,4,1,33.8,156,331,528,0.528
Harry's Bommie,Porites,HB11,T3,4,2,33.8,190,438,566,0.566
Harry's Bommie,Porites,HB12,T3,4,1,33.8,444,1288,655,0.655
Harry's Bommie,Porites,HB12,T3,4,2,33.8,429,1195,641,0.641
Harry's Bommie,Porites,HB13,T3,4,1,33.8,442,973,545,0.545
Harry's Bommie,Porites,HB13,T3,4,2,33.8,438,1002,562,0.562
Harry's Bommie,Porites,HB14,T3,4,1,33.8,381,911,581,0.581
Harry's Bommie,Porites,HB14,T3,4,2,33.8,387,951,593,0.593
Harry's Bommie,Porites,HB15,T3,4,1,33.8,574,1353,575,0.575
Harry's Bommie,Porites,HB15,T3,4,2,33.8,548,1223,551,0.551
Harry's Bommie,Porites,HB16,T3,4,1,33.8,605,1242,512,0.512
Harry's Bommie,Porites,HB16,T3,4,2,33.8,620,1321,530,0.53
Harry's Bommie,Porites,HB17,T3,4,1,33.8,414,970,573,0.573
Harry's Bommie,Porites,HB17,T3,4,2,33.8,388,1021,619,0.619
Harry's Bommie,Porites,HB18,T3,4,1,33.8,514,1157,555,0.555
Harry's Bommie,Porites,HB18,T3,4,2,33.8,540,1219,557,0.557
Harry's Bommie,Porites,HB19,T3,4,1,33.8,505,1156,563,0.563
Harry's Bommie,Porites,HB19,T3,4,2,33.8,451,1116,595,0.595
Harry's Bommie,Porites,HB20,T3,4,1,33.8,583,1323,559,0.559
Harry's Bommie,Porites,HB20,T3,4,2,33.8,521,1283,593,0.593
Harry's Bommie,Acropora,HB21,T3,4,1,33.8,303,750,596,0.596
Harry's Bommie,Acropora,HB21,T3,4,2,33.8,244,650,624,0.624
Harry's Bommie,Acropora,HB22,T3,4,1,33.8,370,940,606,0.606
Harry's Bommie,Acropora,HB22,T3,4,2,33.8,326,830,607,0.607
Harry's Bommie,Acropora,HB23,T3,4,1,33.8,239,601,602,0.602
Harry's Bommie,Acropora,HB23,T3,4,2,33.8,154,365,578,0.578
Harry's Bommie,Acropora,HB24,T3,4,1,33.8,246,660,627,0.627
Harry's Bommie,Acropora,HB24,T3,4,2,33.8,163,468,651,0.651
Harry's Bommie,Acropora,HB25,T3,4,1,33.8,281,620,546,0.546
Harry's Bommie,Acropora,HB25,T3,4,2,33.8,220,569,613,0.613
Harry's Bommie,Acropora,HB26,T3,4,1,33.8,217,582,627,0.627
Harry's Bommie,Acropora,HB26,T3,4,2,33.8,273,740,631,0.631
Harry's Bommie,Acropora,HB27,T3,4,1,33.8,297,750,604,0.604
Harry's Bommie,Acropora,HB27,T3,4,2,33.8,204,482,576,0.576
Harry's Bommie,Acropora,HB28,T3,4,1,33.8,203,507,599,0.599
Harry's Bommie,Acropora,HB28,T3,4,2,33.8,212,519,591,0.591
Harry's Bommie,Acropora,HB29,T3,4,1,33.8,203,578,648,0.648
Harry's Bommie,Acropora,HB29,T3,4,2,33.8,166,416,600,0.6
Harry's Bommie,Acropora,HB30,T3,4,1,33.8,276,781,646,0.646
Harry's Bommie,Acropora,HB30,T3,4,2,33.8,260,655,603,0.603
Shallow Lagoon,Pocillopora,SL01,T4,5,1,36.3,266,465,427,0.427
Shallow Lagoon,Pocillopora,SL02,T4,5,1,36.3,143,270,470,0.47
Shallow Lagoon,Pocillopora,SL03,T4,5,1,36.3,427,775,449,0.449
Shallow Lagoon,Pocillopora,SL04,T4,5,1,36.3,264,434,391,0.391
Shallow Lagoon,Pocillopora,SL05,T4,5,1,36.3,230,410,439,0.439
Shallow Lagoon,Pocillopora,SL06,T4,5,1,36.3,270,521,481,0.481
Shallow Lagoon,Pocillopora,SL07,T4,5,1,36.3,213,388,451,0.451
Shallow Lagoon,Pocillopora,SL08,T4,5,1,36.3,301,703,571,0.571
Shallow Lagoon,Pocillopora,SL09,T4,5,1,36.3,345,379,89,0.089
Shallow Lagoon,Pocillopora,SL10,T4,5,1,36.3,342,705,514,0.514
Shallow Lagoon,Porites,SL11,T4,5,1,36.3,624,1185,473,0.473
Shallow Lagoon,Porites,SL12,T4,5,1,36.3,538,1176,542,0.542
Shallow Lagoon,Porites,SL13,T4,5,1,36.3,435,805,459,0.459
Shallow Lagoon,Porites,SL14,T4,5,1,36.3,725,1378,474,0.474
Shallow Lagoon,Porites,SL15,T4,5,1,36.3,553,1111,502,0.502
Shallow Lagoon,Porites,SL16,T4,5,1,36.3,663,1272,478,0.478
Shallow Lagoon,Porites,SL17,T4,5,1,36.3,569,1123,492,0.492
Shallow Lagoon,Porites,SL18,T4,5,1,36.3,604,931,351,0.351
Shallow Lagoon,Porites,SL19,T4,5,1,36.3,607,1107,451,0.451
Shallow Lagoon,Porites,SL20,T4,5,1,36.3,864,1532,436,0.436
Shallow Lagoon,Pocillopora,SL01,T4,5,2,36.3,348,741,530,0.53
Shallow Lagoon,Pocillopora,SL02,T4,5,2,36.3,244,476,487,0.487
Shallow Lagoon,Pocillopora,SL03,T4,5,2,36.3,392,784,500,0.5
Shallow Lagoon,Pocillopora,SL04,T4,5,2,36.3,351,612,426,0.426
Shallow Lagoon,Pocillopora,SL05,T4,5,2,36.3,324,674,519,0.519
Shallow Lagoon,Pocillopora,SL06,T4,5,2,36.3,172,334,485,0.485
Shallow Lagoon,Pocillopora,SL07,T4,5,2,36.3,279,626,554,0.554
Shallow Lagoon,Pocillopora,SL08,T4,5,2,36.3,378,859,559,0.559
Shallow Lagoon,Pocillopora,SL09,T4,5,2,36.3,175,190,78,0.078
Shallow Lagoon,Pocillopora,SL10,T4,5,2,36.3,265,630,579,0.579
Shallow Lagoon,Porites,SL11,T4,5,2,36.3,339,598,433,0.433
Shallow Lagoon,Porites,SL12,T4,5,2,36.3,555,1166,524,0.524
Shallow Lagoon,Porites,SL13,T4,5,2,36.3,774,1398,446,0.446
Shallow Lagoon,Porites,SL14,T4,5,2,36.3,643,1227,475,0.475
Shallow Lagoon,Porites,SL15,T4,5,2,36.3,484,1017,524,0.524
Shallow Lagoon,Porites,SL16,T4,5,2,36.3,674,1259,464,0.464
Shallow Lagoon,Porites,SL17,T4,5,2,36.3,604,1229,508,0.508
Shallow Lagoon,Porites,SL18,T4,5,2,36.3,624,1016,385,0.385
Shallow Lagoon,Porites,SL19,T4,5,2,36.3,632,1243,491,0.491
Shallow Lagoon,Porites,SL20,T4,5,2,36.3,775,1425,456,0.456
Deep Lagoon,Pocillopora,DL01,T4,5,1,36.3,169,293,423,0.423
Deep Lagoon,Pocillopora,DL02,T4,5,1,36.3,185,429,568,0.568
Deep Lagoon,Pocillopora,DL03,T4,5,1,36.3,161,252,361,0.361
Deep Lagoon,Pocillopora,DL04,T4,5,1,36.3,141,261,459,0.459
Deep Lagoon,Pocillopora,DL05,T4,5,1,36.3,223,390,428,0.428
Deep Lagoon,Pocillopora,DL06,T4,5,1,36.3,74,104,288,0
Deep Lagoon,Pocillopora,DL07,T4,5,1,36.3,117,199,412,0
Deep Lagoon,Pocillopora,DL08,T4,5,1,36.3,155,278,442,0.442
Deep Lagoon,Pocillopora,DL09,T4,5,1,36.3,316,349,94,0.094
Deep Lagoon,Pocillopora,DL10,T4,5,1,36.3,284,477,404,0.404
Deep Lagoon,Porites,DL11,T4,5,1,36.3,256,445,424,0.424
Deep Lagoon,Porites,DL12,T4,5,1,36.3,171,330,481,0.481
Deep Lagoon,Porites,DL13,T4,5,1,36.3,188,335,438,0.438
Deep Lagoon,Porites,DL14,T4,5,1,36.3,576,1250,546,0.546
Deep Lagoon,Porites,DL15,T4,5,1,36.3,225,504,553,0.553
Deep Lagoon,Porites,DL16,T4,5,1,36.3,258,514,498,0.498
Deep Lagoon,Porites,DL17,T4,5,1,36.3,256,459,442,0.442
Deep Lagoon,Porites,DL18,T4,5,1,36.3,165,332,503,0.503
Deep Lagoon,Porites,DL19,T4,5,1,36.3,209,406,485,0.485
Deep Lagoon,Porites,DL20,T4,5,1,36.3,192,342,438,0.438
Reef Flat,Pocillopora,RF01,T4,5,1,36.3,219,360,391,0.391
Reef Flat,Pocillopora,RF02,T4,5,1,36.3,182,291,374,0.374
Reef Flat,Pocillopora,RF03,T4,5,1,36.3,126,205,385,0
Reef Flat,Pocillopora,RF04,T4,5,1,36.3,155,293,470,0.47
Reef Flat,Pocillopora,RF05,T4,5,1,36.3,189,330,427,0.427
Reef Flat,Pocillopora,RF06,T4,5,1,36.3,305,594,486,0.486
Reef Flat,Pocillopora,RF07,T4,5,1,36.3,180,286,370,0.37
Reef Flat,Pocillopora,RF08,T4,5,1,36.3,189,283,332,0.332
Reef Flat,Pocillopora,RF09,T4,5,1,36.3,239,463,483,0.483
Reef Flat,Pocillopora,RF10,T4,5,1,36.3,31,65,523,0
Reef Flat,Porites,RF11,T4,5,1,36.3,612,706,133,0.133
Reef Flat,Porites,RF12,T4,5,1,36.3,385,565,318,0.318
Reef Flat,Porites,RF13,T4,5,1,36.3,564,1110,491,0.491
Reef Flat,Porites,RF14,T4,5,1,36.3,495,683,275,0.275
Reef Flat,Porites,RF15,T4,5,1,36.3,450,547,177,0.177
Reef Flat,Porites,RF16,T4,5,1,36.3,440,922,522,0.522
Reef Flat,Acropora,RF21,T4,5,1,36.3,349,489,286,0.286
Reef Flat,Acropora,RF22,T4,5,1,36.3,384,518,258,0.258
Reef Flat,Acropora,RF23,T4,5,1,36.3,367,609,379,0.379
Reef Flat,Acropora,RF24,T4,5,1,36.3,281,413,319,0.319
Reef Flat,Acropora,RF25,T4,5,1,36.3,367,545,326,0.326
Reef Flat,Acropora,RF26,T4,5,1,36.3,227,301,245,0.245
Reef Flat,Acropora,RF27,T4,5,1,36.3,163,247,340,0.34
Reef Flat,Acropora,RF28,T4,5,1,36.3,182,247,263,0.263
Reef Flat,Acropora,RF29,T4,5,1,36.3,165,253,347,0.347
Reef Flat,Acropora,RF30,T4,5,1,36.3,266,385,309,0.309
Reef Flat,Pocillopora,RF01,T4,5,2,36.3,29,64,546,0
Reef Flat,Pocillopora,RF02,T4,5,2,36.3,235,400,412,0.412
Reef Flat,Pocillopora,RF03,T4,5,2,36.3,242,429,433,0.433
Reef Flat,Pocillopora,RF04,T4,5,2,36.3,46,68,323,0
Reef Flat,Pocillopora,RF05,T4,5,2,36.3,195,319,388,0.388
Reef Flat,Pocillopora,RF06,T4,5,2,36.3,267,456,414,0.414
Reef Flat,Pocillopora,RF07,T4,5,2,36.3,223,362,383,0.383
Reef Flat,Pocillopora,RF08,T4,5,2,36.3,68,95,284,0
Reef Flat,Pocillopora,RF09,T4,5,2,36.3,184,331,444,0.444
Reef Flat,Pocillopora,RF10,T4,5,2,36.3,8,21,619,0
Reef Flat,Porites,RF11,T4,5,2,36.3,451,577,190,0.19
Reef Flat,Porites,RF12,T4,5,2,36.3,330,411,197,0.197
Reef Flat,Porites,RF13,T4,5,2,36.3,397,640,379,0.379
Reef Flat,Porites,RF14,T4,5,2,36.3,671,916,267,0.267
Reef Flat,Porites,RF15,T4,5,2,36.3,627,836,250,0.25
Reef Flat,Porites,RF16,T4,5,2,36.3,439,965,545,0.545
Reef Flat,Acropora,RF21,T4,5,2,36.3,332,465,286,0.286
Reef Flat,Acropora,RF22,T4,5,2,36.3,318,446,286,0.286
Reef Flat,Acropora,RF23,T4,5,2,36.3,335,491,317,0.317
Reef Flat,Acropora,RF24,T4,5,2,36.3,328,528,378,0.378
Reef Flat,Acropora,RF25,T4,5,2,36.3,222,271,180,0.18
Reef Flat,Acropora,RF26,T4,5,2,36.3,235,350,328,0.328
Reef Flat,Acropora,RF27,T4,5,2,36.3,274,403,320,0.32
Reef Flat,Acropora,RF28,T4,5,2,36.3,226,315,282,0.282
Reef Flat,Acropora,RF29,T4,5,2,36.3,97,140,307,0
Reef Flat,Acropora,RF30,T4,5,2,36.3,117,167,299,0
Fourth Point,Pocillopora,FP01,T4,5,1,36.3,156,212,264,0.264
Fourth Point,Pocillopora,FP01,T4,5,2,36.3,205,328,375,0.375
Fourth Point,Pocillopora,FP02,T4,5,1,36.3,212,388,453,0.453
Fourth Point,Pocillopora,FP02,T4,5,2,36.3,82,154,467,0
Fourth Point,Pocillopora,FP03,T4,5,1,36.3,84,107,205,0
Fourth Point,Pocillopora,FP03,T4,5,2,36.3,161,183,120,0.12
Fourth Point,Pocillopora,FP04,T4,5,1,36.3,143,215,334,0.334
Fourth Point,Pocillopora,FP04,T4,5,2,36.3,191,271,295,0.295
Fourth Point,Pocillopora,FP05,T4,5,1,36.3,39,68,441,0
Fourth Point,Pocillopora,FP05,T4,5,2,36.3,123,174,239,0
Fourth Point,Pocillopora,FP06,T4,5,1,36.3,53,101,475,0
Fourth Point,Pocillopora,FP06,T4,5,2,36.3,20,39,487,0
Fourth Point,Pocillopora,FP07,T4,5,1,36.3,69,117,410,0
Fourth Point,Pocillopora,FP07,T4,5,2,36.3,185,224,174,0.174
Fourth Point,Pocillopora,FP08,T4,5,1,36.3,83,177,531,0
Fourth Point,Pocillopora,FP08,T4,5,2,36.3,75,134,440,0
Fourth Point,Pocillopora,FP09,T4,5,1,36.3,227,458,504,0.504
Fourth Point,Pocillopora,FP09,T4,5,2,36.3,57,102,441,0
Fourth Point,Pocillopora,FP10,T4,5,1,36.3,127,206,383,0
Fourth Point,Pocillopora,FP10,T4,5,2,36.3,95,141,326,0
Fourth Point,Porites,FP11,T4,5,1,36.3,378,667,433,0.433
Fourth Point,Porites,FP11,T4,5,2,36.3,,,,
Fourth Point,Porites,FP12,T4,5,1,36.3,346,631,451,0.451
Fourth Point,Porites,FP12,T4,5,2,36.3,456,870,475,0.475
Fourth Point,Porites,FP13,T4,5,1,36.3,382,792,517,0.517
Fourth Point,Porites,FP13,T4,5,2,36.3,432,935,537,0.537
Fourth Point,Porites,FP14,T4,5,1,36.3,205,335,388,0.388
Fourth Point,Porites,FP14,T4,5,2,36.3,151,220,313,0.313
Fourth Point,Porites,FP15,T4,5,1,36.3,386,859,550,0.55
Fourth Point,Porites,FP15,T4,5,2,36.3,362,847,572,0.572
Fourth Point,Acropora,FP21,T4,5,1,36.3,52,81,358,0
Fourth Point,Acropora,FP21,T4,5,2,36.3,13,23,434,0
Fourth Point,Acropora,FP22,T4,5,1,36.3,35,57,385,0
Fourth Point,Acropora,FP22,T4,5,2,36.3,71,96,260,0
Fourth Point,Acropora,FP23,T4,5,1,36.3,147,224,343,0.343
Fourth Point,Acropora,FP23,T4,5,2,36.3,74,109,321,0
Fourth Point,Acropora,FP24,T4,5,1,36.3,249,437,430,0.43
Fourth Point,Acropora,FP24,T4,5,2,36.3,192,311,382,0.382
Fourth Point,Acropora,FP25,T4,5,1,36.3,240,357,327,0.327
Fourth Point,Acropora,FP25,T4,5,2,36.3,136,230,408,0.408
Fourth Point,Acropora,FP26,T4,5,1,36.3,89,150,406,0
Fourth Point,Acropora,FP26,T4,5,2,36.3,35,55,363,0
Fourth Point,Acropora,FP27,T4,5,1,36.3,267,386,308,0.308
Fourth Point,Acropora,FP27,T4,5,2,36.3,86,138,376,0
Fourth Point,Acropora,FP28,T4,5,1,36.3,233,330,293,0.293
Fourth Point,Acropora,FP28,T4,5,2,36.3,195,278,298,0.298
Fourth Point,Acropora,FP29,T4,5,1,36.3,90,142,366,0
Fourth Point,Acropora,FP29,T4,5,2,36.3,35,53,339,0
Fourth Point,Acropora,FP30,T4,5,1,36.3,288,452,362,0.362
Fourth Point,Acropora,FP30,T4,5,2,36.3,373,556,329,0.329
Reef Crest,Pocillopora,RC01,T4,5,1,36.3,161,195,174,0.174
Reef Crest,Pocillopora,RC01,T4,5,2,36.3,166,242,314,0.314
Reef Crest,Pocillopora,RC02,T4,5,1,36.3,266,323,176,0.176
Reef Crest,Pocillopora,RC02,T4,5,2,36.3,193,235,178,0.178
Reef Crest,Pocillopora,RC03,T4,5,1,36.3,261,277,57,0.057
Reef Crest,Pocillopora,RC03,T4,5,2,36.3,195,218,105,0.105
Reef Crest,Pocillopora,RC04,T4,5,1,36.3,285,487,414,0.414
Reef Crest,Pocillopora,RC04,T4,5,2,36.3,188,327,425,0.425
Reef Crest,Pocillopora,RC05,T4,5,1,36.3,168,218,229,0.229
Reef Crest,Pocillopora,RC05,T4,5,2,36.3,166,223,255,0.255
Reef Crest,Pocillopora,RC06,T4,5,1,36.3,298,335,110,0.11
Reef Crest,Pocillopora,RC06,T4,5,2,36.3,367,386,49,0.049
Reef Crest,Pocillopora,RC07,T4,5,1,36.3,167,191,125,0.125
Reef Crest,Pocillopora,RC07,T4,5,2,36.3,159,185,140,0.14
Reef Crest,Pocillopora,RC08,T4,5,1,36.3,255,462,448,0.448
Reef Crest,Pocillopora,RC08,T4,5,2,36.3,236,347,319,0.319
Reef Crest,Pocillopora,RC09,T4,5,1,36.3,156,187,165,0.165
Reef Crest,Pocillopora,RC09,T4,5,2,36.3,,,,
Reef Crest,Pocillopora,RC10,T4,5,1,36.3,265,307,136,0.136
Reef Crest,Pocillopora,RC10,T4,5,2,36.3,216,257,159,0.159
Reef Crest,Porites,RC11,T4,5,1,36.3,242,375,354,0.354
Reef Crest,Porites,RC11,T4,5,2,36.3,204,325,372,0.372
Reef Crest,Porites,RC12,T4,5,1,36.3,395,608,350,0.35
Reef Crest,Porites,RC12,T4,5,2,36.3,422,659,359,0.359
Reef Crest,Porites,RC13,T4,5,1,36.3,338,635,467,0.467
Reef Crest,Porites,RC13,T4,5,2,36.3,358,697,486,0.486
Reef Crest,Porites,RC14,T4,5,1,36.3,294,466,369,0.369
Reef Crest,Porites,RC14,T4,5,2,36.3,373,605,383,0.383
Reef Crest,Porites,RC15,T4,5,1,36.3,355,561,367,0.367
Reef Crest,Porites,RC15,T4,5,2,36.3,272,438,378,0.378
Reef Crest,Porites,RC16,T4,5,1,36.3,465,773,398,0.398
Reef Crest,Porites,RC16,T4,5,2,36.3,503,753,332,0.332
Reef Crest,Porites,RC17,T4,5,1,36.3,383,656,416,0.416
Reef Crest,Porites,RC17,T4,5,2,36.3,379,630,398,0.398
Reef Crest,Porites,RC18,T4,5,1,36.3,391,633,382,0.382
Reef Crest,Porites,RC18,T4,5,2,36.3,393,693,432,0.432
Reef Crest,Porites,RC19,T4,5,1,36.3,434,537,191,0.191
Reef Crest,Porites,RC19,T4,5,2,36.3,275,326,156,0.156
Reef Crest,Porites,RC20,T4,5,1,36.3,357,499,284,0.284
Reef Crest,Porites,RC20,T4,5,2,36.3,271,389,303,0.303
Reef Crest,Acropora,RC21,T4,5,1,36.3,225,328,314,0.314
Reef Crest,Acropora,RC21,T4,5,2,36.3,238,348,316,0.316
Reef Crest,Acropora,RC22,T4,5,1,36.3,475,726,345,0.345
Reef Crest,Acropora,RC22,T4,5,2,36.3,240,294,183,0.183
Reef Crest,Acropora,RC23,T4,5,1,36.3,422,634,334,0.334
Reef Crest,Acropora,RC23,T4,5,2,36.3,311,392,206,0.206
Reef Crest,Acropora,RC24,T4,5,1,36.3,261,360,275,0.275
Reef Crest,Acropora,RC24,T4,5,2,36.3,389,571,318,0.318
Reef Crest,Acropora,RC25,T4,5,1,36.3,331,458,277,0.277
Reef Crest,Acropora,RC25,T4,5,2,36.3,243,290,162,0.162
Reef Crest,Acropora,RC26,T4,5,1,36.3,397,567,299,0.299
Reef Crest,Acropora,RC26,T4,5,2,36.3,263,331,205,0.205
Reef Crest,Acropora,RC27,T4,5,1,36.3,267,366,270,0.27
Reef Crest,Acropora,RC27,T4,5,2,36.3,296,432,314,0.314
Reef Crest,Acropora,RC28,T4,5,1,36.3,326,488,331,0.331
Reef Crest,Acropora,RC28,T4,5,2,36.3,227,319,288,0.288
Reef Crest,Acropora,RC29,T4,5,1,36.3,265,365,273,0.273
Reef Crest,Acropora,RC29,T4,5,2,36.3,411,547,248,0.248
Reef Crest,Acropora,RC30,T4,5,1,36.3,329,528,376,0.376
Reef Crest,Acropora,RC30,T4,5,2,36.3,330,467,293,0.293
Harry's Bommie,Pocillopora,HB01,T4,5,1,36.3,254,442,425,0.425
Harry's Bommie,Pocillopora,HB01,T4,5,2,36.3,140,210,333,0.333
Harry's Bommie,Pocillopora,HB02,T4,5,1,36.3,226,342,339,0.339
Harry's Bommie,Pocillopora,HB02,T4,5,2,36.3,209,231,95,0.095
Harry's Bommie,Pocillopora,HB03,T4,5,1,36.3,102,135,244,0
Harry's Bommie,Pocillopora,HB03,T4,5,2,36.3,77,93,172,0
Harry's Bommie,Pocillopora,HB04,T4,5,1,36.3,209,248,157,0.157
Harry's Bommie,Pocillopora,HB04,T4,5,2,36.3,157,208,245,0.245
Harry's Bommie,Pocillopora,HB05,T4,5,1,36.3,117,187,374,0
Harry's Bommie,Pocillopora,HB05,T4,5,2,36.3,75,100,250,0
Harry's Bommie,Pocillopora,HB06,T4,5,1,36.3,156,225,306,0.306
Harry's Bommie,Pocillopora,HB06,T4,5,2,36.3,187,292,359,0.359
Harry's Bommie,Pocillopora,HB07,T4,5,1,36.3,146,230,365,0.365
Harry's Bommie,Pocillopora,HB07,T4,5,2,36.3,158,264,401,0.401
Harry's Bommie,Pocillopora,HB08,T4,5,1,36.3,309,486,364,0.364
Harry's Bommie,Pocillopora,HB08,T4,5,2,36.3,122,171,286,0
Harry's Bommie,Pocillopora,HB09,T4,5,1,36.3,146,192,239,0.239
Harry's Bommie,Pocillopora,HB09,T4,5,2,36.3,182,213,145,0.145
Harry's Bommie,Pocillopora,HB10,T4,5,1,36.3,92,154,402,0
Harry's Bommie,Pocillopora,HB10,T4,5,2,36.3,77,92,163,0
Harry's Bommie,Porites,HB11,T4,5,1,36.3,303,414,268,0.268
Harry's Bommie,Porites,HB11,T4,5,2,36.3,317,419,243,0.243
Harry's Bommie,Porites,HB12,T4,5,1,36.3,479,672,287,0.287
Harry's Bommie,Porites,HB12,T4,5,2,36.3,442,693,362,0.362
Harry's Bommie,Porites,HB13,T4,5,1,36.3,341,576,407,0.407
Harry's Bommie,Porites,HB13,T4,5,2,36.3,275,442,377,0.377
Harry's Bommie,Porites,HB14,T4,5,1,36.3,494,1007,509,0.509
Harry's Bommie,Porites,HB14,T4,5,2,36.3,474,923,486,0.486
Harry's Bommie,Porites,HB15,T4,5,1,36.3,564,970,418,0.418
Harry's Bommie,Porites,HB15,T4,5,2,36.3,537,950,434,0.434
Harry's Bommie,Porites,HB16,T4,5,1,36.3,546,770,290,0.29
Harry's Bommie,Porites,HB16,T4,5,2,36.3,542,835,350,0.35
Harry's Bommie,Porites,HB17,T4,5,1,36.3,287,528,456,0.456
Harry's Bommie,Porites,HB17,T4,5,2,36.3,283,599,527,0.527
Harry's Bommie,Porites,HB18,T4,5,1,36.3,368,612,398,0.398
Harry's Bommie,Porites,HB18,T4,5,2,36.3,396,631,372,0.372
Harry's Bommie,Porites,HB19,T4,5,1,36.3,453,785,422,0.422
Harry's Bommie,Porites,HB19,T4,5,2,36.3,426,763,441,0.441
Harry's Bommie,Porites,HB20,T4,5,1,36.3,508,656,225,0.225
Harry's Bommie,Porites,HB20,T4,5,2,36.3,445,583,236,0.236
Harry's Bommie,Acropora,HB21,T4,5,1,36.3,231,377,387,0.387
Harry's Bommie,Acropora,HB21,T4,5,2,36.3,163,247,340,0.34
Harry's Bommie,Acropora,HB22,T4,5,1,36.3,23,31,258,0
Harry's Bommie,Acropora,HB22,T4,5,2,36.3,26,39,333,0
Harry's Bommie,Acropora,HB23,T4,5,1,36.3,178,257,307,0.307
Harry's Bommie,Acropora,HB23,T4,5,2,36.3,230,346,335,0.335
Harry's Bommie,Acropora,HB24,T4,5,1,36.3,43,283,60,0
Harry's Bommie,Acropora,HB24,T4,5,2,36.3,118,178,337,0
Harry's Bommie,Acropora,HB25,T4,5,1,36.3,103,163,368,0
Harry's Bommie,Acropora,HB25,T4,5,2,36.3,42,83,493,0
Harry's Bommie,Acropora,HB26,T4,5,1,36.3,289,413,300,0.3
Harry's Bommie,Acropora,HB26,T4,5,2,36.3,237,368,355,0.355
Harry's Bommie,Acropora,HB27,T4,5,1,36.3,25,38,342,0
Harry's Bommie,Acropora,HB27,T4,5,2,36.3,34,51,333,0
Harry's Bommie,Acropora,HB28,T4,5,1,36.3,15,22,318,0
Harry's Bommie,Acropora,HB28,T4,5,2,36.3,16,27,407,0
Harry's Bommie,Acropora,HB29,T4,5,1,36.3,41,61,327,0
Harry's Bommie,Acropora,HB29,T4,5,2,36.3,60,91,340,0
Harry's Bommie,Acropora,HB30,T4,5,1,36.3,77,127,393,0
Harry's Bommie,Acropora,HB30,T4,5,2,36.3,110,144,236,0
